INFO:     Will watch for changes in these directories: ['/home/jude/Documents/code/nocode-builder']
INFO:     Uvicorn running on http://127.0.0.1:8000 (Press CTRL+C to quit)
INFO:     Started reloader process [3234068] using WatchFiles
INFO:     Started server process [3234070]
INFO:     Waiting for application startup.
INFO:     Application startup complete.
INFO:     127.0.0.1:42516 - "OPTIONS /api/projects/ HTTP/1.1" 200 OK
INFO:     127.0.0.1:42516 - "GET /api/projects/ HTTP/1.1" 401 Unauthorized
INFO:     127.0.0.1:42516 - "OPTIONS /api/auth/refresh HTTP/1.1" 200 OK
2026-05-28 14:35:28,063 INFO sqlalchemy.engine.Engine select pg_catalog.version()
2026-05-28 14:35:28,063 INFO sqlalchemy.engine.Engine [raw sql] ()
2026-05-28 14:35:28,067 INFO sqlalchemy.engine.Engine select current_schema()
2026-05-28 14:35:28,067 INFO sqlalchemy.engine.Engine [raw sql] ()
2026-05-28 14:35:28,070 INFO sqlalchemy.engine.Engine show standard_conforming_strings
2026-05-28 14:35:28,070 INFO sqlalchemy.engine.Engine [raw sql] ()
2026-05-28 14:35:28,073 INFO sqlalchemy.engine.Engine BEGIN (implicit)
2026-05-28 14:35:28,222 INFO sqlalchemy.engine.Engine SELECT users.id, users.tracking_id, users.email, users.name, users.surname, users.birth_place, users.birth_date, users.country, users.phone, users.hashed_password, users.role, users.plan, users.company_name, users.company_size, users.is_active, users.is_verified, users.created_at, users.updated_at 
FROM users 
WHERE users.tracking_id = $1::UUID
2026-05-28 14:35:28,222 INFO sqlalchemy.engine.Engine [generated in 0.00091s] (UUID('8ee353bd-2b09-4b08-bce5-8b0569cc2036'),)
INFO:     127.0.0.1:42516 - "POST /api/auth/refresh HTTP/1.1" 200 OK
2026-05-28 14:35:28,265 INFO sqlalchemy.engine.Engine COMMIT
2026-05-28 14:35:28,376 INFO sqlalchemy.engine.Engine BEGIN (implicit)
2026-05-28 14:35:28,377 INFO sqlalchemy.engine.Engine SELECT users.id, users.tracking_id, users.email, users.name, users.surname, users.birth_place, users.birth_date, users.country, users.phone, users.hashed_password, users.role, users.plan, users.company_name, users.company_size, users.is_active, users.is_verified, users.created_at, users.updated_at 
FROM users 
WHERE users.tracking_id = $1::UUID
2026-05-28 14:35:28,380 INFO sqlalchemy.engine.Engine [cached since 0.1585s ago] (UUID('8ee353bd-2b09-4b08-bce5-8b0569cc2036'),)
2026-05-28 14:35:28,391 INFO sqlalchemy.engine.Engine SELECT projects.id, projects.tracking_id, projects.name, projects.description, projects.slug, projects.status, projects.is_public, projects.config, projects.owner_id, projects.created_at, projects.updated_at 
FROM projects 
WHERE projects.owner_id = $1::UUID ORDER BY projects.created_at DESC
2026-05-28 14:35:28,391 INFO sqlalchemy.engine.Engine [generated in 0.00041s] (UUID('8ee353bd-2b09-4b08-bce5-8b0569cc2036'),)
INFO:     127.0.0.1:42516 - "GET /api/projects/ HTTP/1.1" 200 OK
2026-05-28 14:35:28,406 INFO sqlalchemy.engine.Engine COMMIT
INFO:     127.0.0.1:42516 - "OPTIONS /api/schema/projects/f872f05e-aa3b-4f36-a38e-4a016955b6a4 HTTP/1.1" 200 OK
INFO:     127.0.0.1:42530 - "OPTIONS /api/workflows/f872f05e-aa3b-4f36-a38e-4a016955b6a4 HTTP/1.1" 200 OK
INFO:     127.0.0.1:42534 - "OPTIONS /api/interface/f872f05e-aa3b-4f36-a38e-4a016955b6a4 HTTP/1.1" 200 OK
2026-05-28 14:35:32,080 INFO sqlalchemy.engine.Engine BEGIN (implicit)
2026-05-28 14:35:32,081 INFO sqlalchemy.engine.Engine SELECT users.id, users.tracking_id, users.email, users.name, users.surname, users.birth_place, users.birth_date, users.country, users.phone, users.hashed_password, users.role, users.plan, users.company_name, users.company_size, users.is_active, users.is_verified, users.created_at, users.updated_at 
FROM users 
WHERE users.tracking_id = $1::UUID
2026-05-28 14:35:32,081 INFO sqlalchemy.engine.Engine [cached since 3.86s ago] (UUID('8ee353bd-2b09-4b08-bce5-8b0569cc2036'),)
2026-05-28 14:35:32,096 INFO sqlalchemy.engine.Engine SELECT projects.id, projects.tracking_id, projects.name, projects.description, projects.slug, projects.status, projects.is_public, projects.config, projects.owner_id, projects.created_at, projects.updated_at 
FROM projects 
WHERE projects.tracking_id = $1::UUID
2026-05-28 14:35:32,096 INFO sqlalchemy.engine.Engine [generated in 0.00040s] (UUID('f872f05e-aa3b-4f36-a38e-4a016955b6a4'),)
2026-05-28 14:35:32,104 INFO sqlalchemy.engine.Engine SELECT schemas.id, schemas.tracking_id, schemas.project_id, schemas.created_at, schemas.updated_at 
FROM schemas 
WHERE schemas.project_id = $1::UUID
2026-05-28 14:35:32,105 INFO sqlalchemy.engine.Engine [generated in 0.00102s] (UUID('f872f05e-aa3b-4f36-a38e-4a016955b6a4'),)
2026-05-28 14:35:32,128 INFO sqlalchemy.engine.Engine SELECT tables_schema.id, tables_schema.tracking_id, tables_schema.schema_id, tables_schema.name, tables_schema.display_name, tables_schema.description, tables_schema.icon, tables_schema.created_at, tables_schema.updated_at 
FROM tables_schema 
WHERE tables_schema.schema_id = $1::UUID ORDER BY tables_schema.created_at DESC
2026-05-28 14:35:32,128 INFO sqlalchemy.engine.Engine [generated in 0.00025s] (UUID('a00721b3-2cd2-4937-a2f3-d6e22cd508bc'),)
2026-05-28 14:35:32,188 INFO sqlalchemy.engine.Engine BEGIN (implicit)
2026-05-28 14:35:32,189 INFO sqlalchemy.engine.Engine SELECT users.id, users.tracking_id, users.email, users.name, users.surname, users.birth_place, users.birth_date, users.country, users.phone, users.hashed_password, users.role, users.plan, users.company_name, users.company_size, users.is_active, users.is_verified, users.created_at, users.updated_at 
FROM users 
WHERE users.tracking_id = $1::UUID
2026-05-28 14:35:32,189 INFO sqlalchemy.engine.Engine [cached since 3.967s ago] (UUID('8ee353bd-2b09-4b08-bce5-8b0569cc2036'),)
2026-05-28 14:35:32,195 INFO sqlalchemy.engine.Engine SELECT relations.id, relations.tracking_id, relations.schema_id, relations.source_table_id, relations.target_table_id, relations.name, relations.type, relations.description, relations.source_key, relations.target_key, relations.created_at, relations.updated_at 
FROM relations 
WHERE relations.schema_id = $1::UUID ORDER BY relations.created_at DESC
2026-05-28 14:35:32,197 INFO sqlalchemy.engine.Engine [generated in 0.00264s] (UUID('a00721b3-2cd2-4937-a2f3-d6e22cd508bc'),)
2026-05-28 14:35:32,268 INFO sqlalchemy.engine.Engine BEGIN (implicit)
2026-05-28 14:35:32,268 INFO sqlalchemy.engine.Engine SELECT users.id, users.tracking_id, users.email, users.name, users.surname, users.birth_place, users.birth_date, users.country, users.phone, users.hashed_password, users.role, users.plan, users.company_name, users.company_size, users.is_active, users.is_verified, users.created_at, users.updated_at 
FROM users 
WHERE users.tracking_id = $1::UUID
2026-05-28 14:35:32,269 INFO sqlalchemy.engine.Engine [cached since 4.047s ago] (UUID('8ee353bd-2b09-4b08-bce5-8b0569cc2036'),)
2026-05-28 14:35:32,278 INFO sqlalchemy.engine.Engine SELECT fields.id, fields.tracking_id, fields.table_id, fields.name, fields.display_name, fields.type, fields.description, fields.required, fields."unique", fields.indexed, fields.config, fields."order", fields.created_at, fields.updated_at 
FROM fields 
WHERE fields.table_id = $1::UUID ORDER BY fields."order", fields.created_at
2026-05-28 14:35:32,278 INFO sqlalchemy.engine.Engine [generated in 0.00030s] (UUID('b8107ede-6ff2-4df8-8978-ed224180a57a'),)
2026-05-28 14:35:32,295 INFO sqlalchemy.engine.Engine SELECT workflows.id, workflows.tracking_id, workflows.project_id, workflows.nom, workflows.description, workflows.actif, workflows.created_at, workflows.updated_at 
FROM workflows 
WHERE workflows.project_id = $1::UUID ORDER BY workflows.created_at DESC
2026-05-28 14:35:32,295 INFO sqlalchemy.engine.Engine [generated in 0.00026s] (UUID('f872f05e-aa3b-4f36-a38e-4a016955b6a4'),)
2026-05-28 14:35:32,297 INFO sqlalchemy.engine.Engine SELECT fields.id, fields.tracking_id, fields.table_id, fields.name, fields.display_name, fields.type, fields.description, fields.required, fields."unique", fields.indexed, fields.config, fields."order", fields.created_at, fields.updated_at 
FROM fields 
WHERE fields.table_id = $1::UUID ORDER BY fields."order", fields.created_at
2026-05-28 14:35:32,297 INFO sqlalchemy.engine.Engine [cached since 0.01955s ago] (UUID('5e182d47-0b71-4fbc-b779-d508a07226c8'),)
2026-05-28 14:35:32,299 INFO sqlalchemy.engine.Engine SELECT fields.id, fields.tracking_id, fields.table_id, fields.name, fields.display_name, fields.type, fields.description, fields.required, fields."unique", fields.indexed, fields.config, fields."order", fields.created_at, fields.updated_at 
FROM fields 
WHERE fields.table_id = $1::UUID ORDER BY fields."order", fields.created_at
2026-05-28 14:35:32,299 INFO sqlalchemy.engine.Engine [cached since 0.02153s ago] (UUID('95b4028d-124b-4a68-8666-c2f900ab37f5'),)
INFO:     127.0.0.1:42530 - "GET /api/workflows/f872f05e-aa3b-4f36-a38e-4a016955b6a4 HTTP/1.1" 200 OK
2026-05-28 14:35:32,301 INFO sqlalchemy.engine.Engine COMMIT
2026-05-28 14:35:32,303 INFO sqlalchemy.engine.Engine SELECT fields.id, fields.tracking_id, fields.table_id, fields.name, fields.display_name, fields.type, fields.description, fields.required, fields."unique", fields.indexed, fields.config, fields."order", fields.created_at, fields.updated_at 
FROM fields 
WHERE fields.table_id = $1::UUID ORDER BY fields."order", fields.created_at
2026-05-28 14:35:32,303 INFO sqlalchemy.engine.Engine [cached since 0.02547s ago] (UUID('2f3a1db3-14d8-4d05-b6cc-58b65e70d422'),)
2026-05-28 14:35:32,307 INFO sqlalchemy.engine.Engine SELECT fields.id, fields.tracking_id, fields.table_id, fields.name, fields.display_name, fields.type, fields.description, fields.required, fields."unique", fields.indexed, fields.config, fields."order", fields.created_at, fields.updated_at 
FROM fields 
WHERE fields.table_id = $1::UUID ORDER BY fields."order", fields.created_at
2026-05-28 14:35:32,307 INFO sqlalchemy.engine.Engine [cached since 0.02925s ago] (UUID('485687fc-a05d-4983-a83b-dd9be09f2c0d'),)
2026-05-28 14:35:32,309 INFO sqlalchemy.engine.Engine SELECT interfaces.id, interfaces.tracking_id, interfaces.project_id, interfaces.version, interfaces.created_at, interfaces.updated_at 
FROM interfaces 
WHERE interfaces.project_id = $1::UUID
2026-05-28 14:35:32,309 INFO sqlalchemy.engine.Engine [generated in 0.00020s] (UUID('f872f05e-aa3b-4f36-a38e-4a016955b6a4'),)
2026-05-28 14:35:32,311 INFO sqlalchemy.engine.Engine SELECT fields.id, fields.tracking_id, fields.table_id, fields.name, fields.display_name, fields.type, fields.description, fields.required, fields."unique", fields.indexed, fields.config, fields."order", fields.created_at, fields.updated_at 
FROM fields 
WHERE fields.table_id = $1::UUID ORDER BY fields."order", fields.created_at
2026-05-28 14:35:32,311 INFO sqlalchemy.engine.Engine [cached since 0.03296s ago] (UUID('91bf4425-09c6-4929-830d-5622cc61935d'),)
2026-05-28 14:35:32,312 INFO sqlalchemy.engine.Engine SELECT fields.id, fields.tracking_id, fields.table_id, fields.name, fields.display_name, fields.type, fields.description, fields.required, fields."unique", fields.indexed, fields.config, fields."order", fields.created_at, fields.updated_at 
FROM fields 
WHERE fields.table_id = $1::UUID ORDER BY fields."order", fields.created_at
2026-05-28 14:35:32,312 INFO sqlalchemy.engine.Engine [cached since 0.03458s ago] (UUID('7dc5c7d2-85a6-4efb-a79c-3febcf32b8b1'),)
2026-05-28 14:35:32,317 INFO sqlalchemy.engine.Engine SELECT pages.id, pages.tracking_id, pages.interface_id, pages.nom, pages.chemin, pages.type_page, pages.est_accueil, pages.ordre, pages.created_at 
FROM pages 
WHERE pages.interface_id = $1::UUID ORDER BY pages.ordre
2026-05-28 14:35:32,317 INFO sqlalchemy.engine.Engine [generated in 0.00033s] (UUID('992785f9-0b90-4abe-b02f-9ee1152b80c8'),)
2026-05-28 14:35:32,318 INFO sqlalchemy.engine.Engine SELECT fields.id, fields.tracking_id, fields.table_id, fields.name, fields.display_name, fields.type, fields.description, fields.required, fields."unique", fields.indexed, fields.config, fields."order", fields.created_at, fields.updated_at 
FROM fields 
WHERE fields.table_id = $1::UUID ORDER BY fields."order", fields.created_at
2026-05-28 14:35:32,318 INFO sqlalchemy.engine.Engine [cached since 0.04051s ago] (UUID('2f9b51de-dbaf-4d4b-bff5-d1d851a1923a'),)
INFO:     127.0.0.1:42534 - "GET /api/schema/projects/f872f05e-aa3b-4f36-a38e-4a016955b6a4 HTTP/1.1" 200 OK
2026-05-28 14:35:32,321 INFO sqlalchemy.engine.Engine COMMIT
2026-05-28 14:35:32,333 INFO sqlalchemy.engine.Engine SELECT composants.id, composants.tracking_id, composants.page_id, composants.parent_id, composants.type, composants.position_x, composants.position_y, composants.largeur, composants.hauteur, composants.styles, composants.config, composants.connecte_a, composants.ordre, composants.created_at 
FROM composants 
WHERE composants.page_id = $1::UUID AND composants.parent_id IS NULL ORDER BY composants.ordre
2026-05-28 14:35:32,333 INFO sqlalchemy.engine.Engine [generated in 0.00024s] (UUID('b60d8890-ab0f-4431-8cc8-6ae5d9d1ab12'),)
2026-05-28 14:35:32,341 INFO sqlalchemy.engine.Engine SELECT composants.id, composants.tracking_id, composants.page_id, composants.parent_id, composants.type, composants.position_x, composants.position_y, composants.largeur, composants.hauteur, composants.styles, composants.config, composants.connecte_a, composants.ordre, composants.created_at 
FROM composants 
WHERE composants.page_id = $1::UUID AND composants.parent_id IS NULL ORDER BY composants.ordre
2026-05-28 14:35:32,341 INFO sqlalchemy.engine.Engine [cached since 0.008618s ago] (UUID('823484df-6f22-4d38-9d53-6dd8c47f4f1a'),)
INFO:     127.0.0.1:42516 - "GET /api/interface/f872f05e-aa3b-4f36-a38e-4a016955b6a4 HTTP/1.1" 200 OK
2026-05-28 14:35:32,343 INFO sqlalchemy.engine.Engine COMMIT
2026-05-28 14:35:32,431 INFO sqlalchemy.engine.Engine BEGIN (implicit)
2026-05-28 14:35:32,432 INFO sqlalchemy.engine.Engine SELECT users.id, users.tracking_id, users.email, users.name, users.surname, users.birth_place, users.birth_date, users.country, users.phone, users.hashed_password, users.role, users.plan, users.company_name, users.company_size, users.is_active, users.is_verified, users.created_at, users.updated_at 
FROM users 
WHERE users.tracking_id = $1::UUID
2026-05-28 14:35:32,432 INFO sqlalchemy.engine.Engine [cached since 4.21s ago] (UUID('8ee353bd-2b09-4b08-bce5-8b0569cc2036'),)
2026-05-28 14:35:32,433 INFO sqlalchemy.engine.Engine BEGIN (implicit)
2026-05-28 14:35:32,434 INFO sqlalchemy.engine.Engine SELECT users.id, users.tracking_id, users.email, users.name, users.surname, users.birth_place, users.birth_date, users.country, users.phone, users.hashed_password, users.role, users.plan, users.company_name, users.company_size, users.is_active, users.is_verified, users.created_at, users.updated_at 
FROM users 
WHERE users.tracking_id = $1::UUID
2026-05-28 14:35:32,434 INFO sqlalchemy.engine.Engine [cached since 4.212s ago] (UUID('8ee353bd-2b09-4b08-bce5-8b0569cc2036'),)
2026-05-28 14:35:32,439 INFO sqlalchemy.engine.Engine SELECT workflows.id, workflows.tracking_id, workflows.project_id, workflows.nom, workflows.description, workflows.actif, workflows.created_at, workflows.updated_at 
FROM workflows 
WHERE workflows.project_id = $1::UUID ORDER BY workflows.created_at DESC
2026-05-28 14:35:32,440 INFO sqlalchemy.engine.Engine [cached since 0.1448s ago] (UUID('f872f05e-aa3b-4f36-a38e-4a016955b6a4'),)
2026-05-28 14:35:32,441 INFO sqlalchemy.engine.Engine SELECT projects.id, projects.tracking_id, projects.name, projects.description, projects.slug, projects.status, projects.is_public, projects.config, projects.owner_id, projects.created_at, projects.updated_at 
FROM projects 
WHERE projects.tracking_id = $1::UUID
2026-05-28 14:35:32,441 INFO sqlalchemy.engine.Engine [cached since 0.3454s ago] (UUID('f872f05e-aa3b-4f36-a38e-4a016955b6a4'),)
INFO:     127.0.0.1:42534 - "GET /api/workflows/f872f05e-aa3b-4f36-a38e-4a016955b6a4 HTTP/1.1" 200 OK
2026-05-28 14:35:32,445 INFO sqlalchemy.engine.Engine COMMIT
2026-05-28 14:35:32,457 INFO sqlalchemy.engine.Engine SELECT schemas.id, schemas.tracking_id, schemas.project_id, schemas.created_at, schemas.updated_at 
FROM schemas 
WHERE schemas.project_id = $1::UUID
2026-05-28 14:35:32,457 INFO sqlalchemy.engine.Engine [cached since 0.3533s ago] (UUID('f872f05e-aa3b-4f36-a38e-4a016955b6a4'),)
2026-05-28 14:35:32,460 INFO sqlalchemy.engine.Engine SELECT tables_schema.id, tables_schema.tracking_id, tables_schema.schema_id, tables_schema.name, tables_schema.display_name, tables_schema.description, tables_schema.icon, tables_schema.created_at, tables_schema.updated_at 
FROM tables_schema 
WHERE tables_schema.schema_id = $1::UUID ORDER BY tables_schema.created_at DESC
2026-05-28 14:35:32,460 INFO sqlalchemy.engine.Engine [cached since 0.3326s ago] (UUID('a00721b3-2cd2-4937-a2f3-d6e22cd508bc'),)
2026-05-28 14:35:32,462 INFO sqlalchemy.engine.Engine SELECT relations.id, relations.tracking_id, relations.schema_id, relations.source_table_id, relations.target_table_id, relations.name, relations.type, relations.description, relations.source_key, relations.target_key, relations.created_at, relations.updated_at 
FROM relations 
WHERE relations.schema_id = $1::UUID ORDER BY relations.created_at DESC
2026-05-28 14:35:32,463 INFO sqlalchemy.engine.Engine [cached since 0.2681s ago] (UUID('a00721b3-2cd2-4937-a2f3-d6e22cd508bc'),)
2026-05-28 14:35:32,473 INFO sqlalchemy.engine.Engine SELECT fields.id, fields.tracking_id, fields.table_id, fields.name, fields.display_name, fields.type, fields.description, fields.required, fields."unique", fields.indexed, fields.config, fields."order", fields.created_at, fields.updated_at 
FROM fields 
WHERE fields.table_id = $1::UUID ORDER BY fields."order", fields.created_at
2026-05-28 14:35:32,473 INFO sqlalchemy.engine.Engine [cached since 0.195s ago] (UUID('b8107ede-6ff2-4df8-8978-ed224180a57a'),)
2026-05-28 14:35:32,484 INFO sqlalchemy.engine.Engine SELECT fields.id, fields.tracking_id, fields.table_id, fields.name, fields.display_name, fields.type, fields.description, fields.required, fields."unique", fields.indexed, fields.config, fields."order", fields.created_at, fields.updated_at 
FROM fields 
WHERE fields.table_id = $1::UUID ORDER BY fields."order", fields.created_at
2026-05-28 14:35:32,484 INFO sqlalchemy.engine.Engine [cached since 0.2063s ago] (UUID('5e182d47-0b71-4fbc-b779-d508a07226c8'),)
2026-05-28 14:35:32,487 INFO sqlalchemy.engine.Engine SELECT fields.id, fields.tracking_id, fields.table_id, fields.name, fields.display_name, fields.type, fields.description, fields.required, fields."unique", fields.indexed, fields.config, fields."order", fields.created_at, fields.updated_at 
FROM fields 
WHERE fields.table_id = $1::UUID ORDER BY fields."order", fields.created_at
2026-05-28 14:35:32,487 INFO sqlalchemy.engine.Engine [cached since 0.209s ago] (UUID('95b4028d-124b-4a68-8666-c2f900ab37f5'),)
2026-05-28 14:35:32,490 INFO sqlalchemy.engine.Engine SELECT fields.id, fields.tracking_id, fields.table_id, fields.name, fields.display_name, fields.type, fields.description, fields.required, fields."unique", fields.indexed, fields.config, fields."order", fields.created_at, fields.updated_at 
FROM fields 
WHERE fields.table_id = $1::UUID ORDER BY fields."order", fields.created_at
2026-05-28 14:35:32,490 INFO sqlalchemy.engine.Engine [cached since 0.2121s ago] (UUID('2f3a1db3-14d8-4d05-b6cc-58b65e70d422'),)
2026-05-28 14:35:32,493 INFO sqlalchemy.engine.Engine SELECT fields.id, fields.tracking_id, fields.table_id, fields.name, fields.display_name, fields.type, fields.description, fields.required, fields."unique", fields.indexed, fields.config, fields."order", fields.created_at, fields.updated_at 
FROM fields 
WHERE fields.table_id = $1::UUID ORDER BY fields."order", fields.created_at
2026-05-28 14:35:32,494 INFO sqlalchemy.engine.Engine [cached since 0.2158s ago] (UUID('485687fc-a05d-4983-a83b-dd9be09f2c0d'),)
2026-05-28 14:35:32,496 INFO sqlalchemy.engine.Engine SELECT fields.id, fields.tracking_id, fields.table_id, fields.name, fields.display_name, fields.type, fields.description, fields.required, fields."unique", fields.indexed, fields.config, fields."order", fields.created_at, fields.updated_at 
FROM fields 
WHERE fields.table_id = $1::UUID ORDER BY fields."order", fields.created_at
2026-05-28 14:35:32,496 INFO sqlalchemy.engine.Engine [cached since 0.2184s ago] (UUID('91bf4425-09c6-4929-830d-5622cc61935d'),)
2026-05-28 14:35:32,498 INFO sqlalchemy.engine.Engine SELECT fields.id, fields.tracking_id, fields.table_id, fields.name, fields.display_name, fields.type, fields.description, fields.required, fields."unique", fields.indexed, fields.config, fields."order", fields.created_at, fields.updated_at 
FROM fields 
WHERE fields.table_id = $1::UUID ORDER BY fields."order", fields.created_at
2026-05-28 14:35:32,499 INFO sqlalchemy.engine.Engine [cached since 0.2206s ago] (UUID('7dc5c7d2-85a6-4efb-a79c-3febcf32b8b1'),)
2026-05-28 14:35:32,500 INFO sqlalchemy.engine.Engine SELECT fields.id, fields.tracking_id, fields.table_id, fields.name, fields.display_name, fields.type, fields.description, fields.required, fields."unique", fields.indexed, fields.config, fields."order", fields.created_at, fields.updated_at 
FROM fields 
WHERE fields.table_id = $1::UUID ORDER BY fields."order", fields.created_at
2026-05-28 14:35:32,500 INFO sqlalchemy.engine.Engine [cached since 0.2222s ago] (UUID('2f9b51de-dbaf-4d4b-bff5-d1d851a1923a'),)
INFO:     127.0.0.1:42516 - "GET /api/schema/projects/f872f05e-aa3b-4f36-a38e-4a016955b6a4 HTTP/1.1" 200 OK
2026-05-28 14:35:32,502 INFO sqlalchemy.engine.Engine COMMIT
INFO:     127.0.0.1:42516 - "OPTIONS /api/ai/projects/f872f05e-aa3b-4f36-a38e-4a016955b6a4/history HTTP/1.1" 200 OK
2026-05-28 14:35:35,486 INFO sqlalchemy.engine.Engine BEGIN (implicit)
2026-05-28 14:35:35,486 INFO sqlalchemy.engine.Engine SELECT users.id, users.tracking_id, users.email, users.name, users.surname, users.birth_place, users.birth_date, users.country, users.phone, users.hashed_password, users.role, users.plan, users.company_name, users.company_size, users.is_active, users.is_verified, users.created_at, users.updated_at 
FROM users 
WHERE users.tracking_id = $1::UUID
2026-05-28 14:35:35,487 INFO sqlalchemy.engine.Engine [cached since 7.265s ago] (UUID('8ee353bd-2b09-4b08-bce5-8b0569cc2036'),)
2026-05-28 14:35:35,679 INFO sqlalchemy.engine.Engine SELECT conversations.id, conversations.tracking_id, conversations.project_id, conversations.title, conversations.created_at, conversations.updated_at 
FROM conversations 
WHERE conversations.project_id = $1::UUID
2026-05-28 14:35:35,679 INFO sqlalchemy.engine.Engine [generated in 0.00029s] (UUID('f872f05e-aa3b-4f36-a38e-4a016955b6a4'),)
2026-05-28 14:35:35,684 INFO sqlalchemy.engine.Engine SELECT conversations.id, conversations.tracking_id, conversations.project_id, conversations.title, conversations.created_at, conversations.updated_at 
FROM conversations 
WHERE conversations.tracking_id = $1::UUID
2026-05-28 14:35:35,684 INFO sqlalchemy.engine.Engine [generated in 0.00027s] (UUID('3a056288-7230-4057-a3e0-ecfddf570b32'),)
2026-05-28 14:35:35,693 INFO sqlalchemy.engine.Engine SELECT conversations_1.id AS conversations_1_id, messages.id AS messages_id, messages.tracking_id AS messages_tracking_id, messages.conversation_id AS messages_conversation_id, messages.role AS messages_role, messages.content AS messages_content, messages.created_at AS messages_created_at 
FROM conversations AS conversations_1 JOIN messages ON conversations_1.tracking_id = messages.conversation_id 
WHERE conversations_1.id IN ($1::INTEGER) ORDER BY messages.created_at ASC
2026-05-28 14:35:35,693 INFO sqlalchemy.engine.Engine [generated in 0.00033s] (7,)
INFO:     127.0.0.1:42516 - "GET /api/ai/projects/f872f05e-aa3b-4f36-a38e-4a016955b6a4/history HTTP/1.1" 200 OK
2026-05-28 14:35:35,701 INFO sqlalchemy.engine.Engine COMMIT
INFO:     127.0.0.1:51410 - "OPTIONS /api/ai/projects/f872f05e-aa3b-4f36-a38e-4a016955b6a4/chat HTTP/1.1" 200 OK
2026-05-28 14:35:57,176 INFO sqlalchemy.engine.Engine BEGIN (implicit)
2026-05-28 14:35:57,176 INFO sqlalchemy.engine.Engine SELECT users.id, users.tracking_id, users.email, users.name, users.surname, users.birth_place, users.birth_date, users.country, users.phone, users.hashed_password, users.role, users.plan, users.company_name, users.company_size, users.is_active, users.is_verified, users.created_at, users.updated_at 
FROM users 
WHERE users.tracking_id = $1::UUID
2026-05-28 14:35:57,176 INFO sqlalchemy.engine.Engine [cached since 28.95s ago] (UUID('8ee353bd-2b09-4b08-bce5-8b0569cc2036'),)
2026-05-28 14:35:57,234 INFO sqlalchemy.engine.Engine SELECT projects.id, projects.tracking_id, projects.name, projects.description, projects.slug, projects.status, projects.is_public, projects.config, projects.owner_id, projects.created_at, projects.updated_at 
FROM projects 
WHERE projects.tracking_id = $1::UUID
2026-05-28 14:35:57,234 INFO sqlalchemy.engine.Engine [cached since 25.14s ago] (UUID('f872f05e-aa3b-4f36-a38e-4a016955b6a4'),)
2026-05-28 14:35:57,236 INFO sqlalchemy.engine.Engine SELECT conversations.id, conversations.tracking_id, conversations.project_id, conversations.title, conversations.created_at, conversations.updated_at 
FROM conversations 
WHERE conversations.project_id = $1::UUID
2026-05-28 14:35:57,236 INFO sqlalchemy.engine.Engine [cached since 21.56s ago] (UUID('f872f05e-aa3b-4f36-a38e-4a016955b6a4'),)
2026-05-28 14:35:57,239 INFO sqlalchemy.engine.Engine SELECT conversations.id, conversations.tracking_id, conversations.project_id, conversations.title, conversations.created_at, conversations.updated_at 
FROM conversations 
WHERE conversations.tracking_id = $1::UUID
2026-05-28 14:35:57,239 INFO sqlalchemy.engine.Engine [cached since 21.56s ago] (UUID('3a056288-7230-4057-a3e0-ecfddf570b32'),)
2026-05-28 14:35:57,242 INFO sqlalchemy.engine.Engine SELECT conversations_1.id AS conversations_1_id, messages.id AS messages_id, messages.tracking_id AS messages_tracking_id, messages.conversation_id AS messages_conversation_id, messages.role AS messages_role, messages.content AS messages_content, messages.created_at AS messages_created_at 
FROM conversations AS conversations_1 JOIN messages ON conversations_1.tracking_id = messages.conversation_id 
WHERE conversations_1.id IN ($1::INTEGER) ORDER BY messages.created_at ASC
2026-05-28 14:35:57,242 INFO sqlalchemy.engine.Engine [cached since 21.55s ago] (7,)
2026-05-28 14:35:57,254 INFO sqlalchemy.engine.Engine INSERT INTO messages (tracking_id, conversation_id, role, content) VALUES ($1::UUID, $2::UUID, $3::messagerole, $4::VARCHAR) RETURNING messages.id, messages.created_at
2026-05-28 14:35:57,254 INFO sqlalchemy.engine.Engine [generated in 0.00047s] (UUID('a555cf49-a102-4186-b94b-20b7f367b68d'), UUID('3a056288-7230-4057-a3e0-ecfddf570b32'), 'USER', 'est ce que tu peux me creer une interface corectement pou ce orjet ')
2026-05-28 14:35:57,260 INFO sqlalchemy.engine.Engine SELECT messages.id, messages.tracking_id, messages.conversation_id, messages.role, messages.content, messages.created_at 
FROM messages 
WHERE messages.id = $1::INTEGER
2026-05-28 14:35:57,260 INFO sqlalchemy.engine.Engine [generated in 0.00023s] (45,)
2026-05-28 14:35:57,263 INFO sqlalchemy.engine.Engine SELECT messages.id, messages.tracking_id, messages.conversation_id, messages.role, messages.content, messages.created_at 
FROM messages 
WHERE messages.conversation_id = $1::UUID ORDER BY messages.created_at ASC 
 LIMIT $2::INTEGER
2026-05-28 14:35:57,263 INFO sqlalchemy.engine.Engine [generated in 0.00034s] (UUID('3a056288-7230-4057-a3e0-ecfddf570b32'), 20)
2026-05-28 14:35:57,265 INFO sqlalchemy.engine.Engine SELECT schemas.id, schemas.tracking_id, schemas.project_id, schemas.created_at, schemas.updated_at 
FROM schemas 
WHERE schemas.project_id = $1::UUID
2026-05-28 14:35:57,265 INFO sqlalchemy.engine.Engine [cached since 25.16s ago] (UUID('f872f05e-aa3b-4f36-a38e-4a016955b6a4'),)
2026-05-28 14:35:57,266 INFO sqlalchemy.engine.Engine SELECT tables_schema.id, tables_schema.tracking_id, tables_schema.schema_id, tables_schema.name, tables_schema.display_name, tables_schema.description, tables_schema.icon, tables_schema.created_at, tables_schema.updated_at 
FROM tables_schema 
WHERE tables_schema.schema_id = $1::UUID ORDER BY tables_schema.created_at DESC
2026-05-28 14:35:57,266 INFO sqlalchemy.engine.Engine [cached since 25.14s ago] (UUID('a00721b3-2cd2-4937-a2f3-d6e22cd508bc'),)
2026-05-28 14:35:57,268 INFO sqlalchemy.engine.Engine SELECT fields.id, fields.tracking_id, fields.table_id, fields.name, fields.display_name, fields.type, fields.description, fields.required, fields."unique", fields.indexed, fields.config, fields."order", fields.created_at, fields.updated_at 
FROM fields 
WHERE fields.table_id = $1::UUID ORDER BY fields.created_at
2026-05-28 14:35:57,269 INFO sqlalchemy.engine.Engine [generated in 0.00044s] (UUID('b8107ede-6ff2-4df8-8978-ed224180a57a'),)
2026-05-28 14:35:57,272 INFO sqlalchemy.engine.Engine SELECT fields.id, fields.tracking_id, fields.table_id, fields.name, fields.display_name, fields.type, fields.description, fields.required, fields."unique", fields.indexed, fields.config, fields."order", fields.created_at, fields.updated_at 
FROM fields 
WHERE fields.table_id = $1::UUID ORDER BY fields.created_at
2026-05-28 14:35:57,272 INFO sqlalchemy.engine.Engine [cached since 0.00385s ago] (UUID('5e182d47-0b71-4fbc-b779-d508a07226c8'),)
2026-05-28 14:35:57,274 INFO sqlalchemy.engine.Engine SELECT fields.id, fields.tracking_id, fields.table_id, fields.name, fields.display_name, fields.type, fields.description, fields.required, fields."unique", fields.indexed, fields.config, fields."order", fields.created_at, fields.updated_at 
FROM fields 
WHERE fields.table_id = $1::UUID ORDER BY fields.created_at
2026-05-28 14:35:57,274 INFO sqlalchemy.engine.Engine [cached since 0.0059s ago] (UUID('95b4028d-124b-4a68-8666-c2f900ab37f5'),)
2026-05-28 14:35:57,275 INFO sqlalchemy.engine.Engine SELECT fields.id, fields.tracking_id, fields.table_id, fields.name, fields.display_name, fields.type, fields.description, fields.required, fields."unique", fields.indexed, fields.config, fields."order", fields.created_at, fields.updated_at 
FROM fields 
WHERE fields.table_id = $1::UUID ORDER BY fields.created_at
2026-05-28 14:35:57,275 INFO sqlalchemy.engine.Engine [cached since 0.007241s ago] (UUID('2f3a1db3-14d8-4d05-b6cc-58b65e70d422'),)
2026-05-28 14:35:57,277 INFO sqlalchemy.engine.Engine SELECT fields.id, fields.tracking_id, fields.table_id, fields.name, fields.display_name, fields.type, fields.description, fields.required, fields."unique", fields.indexed, fields.config, fields."order", fields.created_at, fields.updated_at 
FROM fields 
WHERE fields.table_id = $1::UUID ORDER BY fields.created_at
2026-05-28 14:35:57,277 INFO sqlalchemy.engine.Engine [cached since 0.00856s ago] (UUID('485687fc-a05d-4983-a83b-dd9be09f2c0d'),)
2026-05-28 14:35:57,278 INFO sqlalchemy.engine.Engine SELECT fields.id, fields.tracking_id, fields.table_id, fields.name, fields.display_name, fields.type, fields.description, fields.required, fields."unique", fields.indexed, fields.config, fields."order", fields.created_at, fields.updated_at 
FROM fields 
WHERE fields.table_id = $1::UUID ORDER BY fields.created_at
2026-05-28 14:35:57,278 INFO sqlalchemy.engine.Engine [cached since 0.01005s ago] (UUID('91bf4425-09c6-4929-830d-5622cc61935d'),)
2026-05-28 14:35:57,280 INFO sqlalchemy.engine.Engine SELECT relations.id, relations.tracking_id, relations.schema_id, relations.source_table_id, relations.target_table_id, relations.name, relations.type, relations.description, relations.source_key, relations.target_key, relations.created_at, relations.updated_at 
FROM relations 
WHERE relations.schema_id = $1::UUID ORDER BY relations.created_at DESC
2026-05-28 14:35:57,280 INFO sqlalchemy.engine.Engine [cached since 25.09s ago] (UUID('a00721b3-2cd2-4937-a2f3-d6e22cd508bc'),)
2026-05-28 14:35:57,281 INFO sqlalchemy.engine.Engine SELECT interfaces.id, interfaces.tracking_id, interfaces.project_id, interfaces.version, interfaces.created_at, interfaces.updated_at 
FROM interfaces 
WHERE interfaces.project_id = $1::UUID
2026-05-28 14:35:57,281 INFO sqlalchemy.engine.Engine [cached since 24.97s ago] (UUID('f872f05e-aa3b-4f36-a38e-4a016955b6a4'),)
2026-05-28 14:35:57,284 INFO sqlalchemy.engine.Engine SELECT pages.id, pages.tracking_id, pages.interface_id, pages.nom, pages.chemin, pages.type_page, pages.est_accueil, pages.ordre, pages.created_at 
FROM pages 
WHERE pages.interface_id = $1::UUID ORDER BY pages.created_at
2026-05-28 14:35:57,284 INFO sqlalchemy.engine.Engine [generated in 0.00026s] (UUID('992785f9-0b90-4abe-b02f-9ee1152b80c8'),)
2026-05-28 14:35:57,297 INFO sqlalchemy.engine.Engine SELECT composants.id, composants.tracking_id, composants.page_id, composants.parent_id, composants.type, composants.position_x, composants.position_y, composants.largeur, composants.hauteur, composants.styles, composants.config, composants.connecte_a, composants.ordre, composants.created_at 
FROM composants 
WHERE composants.page_id = $1::UUID
2026-05-28 14:35:57,297 INFO sqlalchemy.engine.Engine [generated in 0.00020s] (UUID('b60d8890-ab0f-4431-8cc8-6ae5d9d1ab12'),)
2026-05-28 14:35:57,308 INFO sqlalchemy.engine.Engine SELECT composants.id, composants.tracking_id, composants.page_id, composants.parent_id, composants.type, composants.position_x, composants.position_y, composants.largeur, composants.hauteur, composants.styles, composants.config, composants.connecte_a, composants.ordre, composants.created_at 
FROM composants 
WHERE composants.page_id = $1::UUID
2026-05-28 14:35:57,308 INFO sqlalchemy.engine.Engine [cached since 0.01127s ago] (UUID('823484df-6f22-4d38-9d53-6dd8c47f4f1a'),)
2026-05-28 14:36:08,090 INFO sqlalchemy.engine.Engine SELECT projects.id, projects.tracking_id, projects.name, projects.description, projects.slug, projects.status, projects.is_public, projects.config, projects.owner_id, projects.created_at, projects.updated_at 
FROM projects 
WHERE projects.tracking_id = $1::UUID
2026-05-28 14:36:08,090 INFO sqlalchemy.engine.Engine [cached since 35.99s ago] (UUID('f872f05e-aa3b-4f36-a38e-4a016955b6a4'),)
INFO:     127.0.0.1:52946 - "OPTIONS /api/interface/pages/823484df-6f22-4d38-9d53-6dd8c47f4f1a HTTP/1.1" 200 OK
2026-05-28 14:36:10,847 INFO sqlalchemy.engine.Engine BEGIN (implicit)
2026-05-28 14:36:10,847 INFO sqlalchemy.engine.Engine SELECT users.id, users.tracking_id, users.email, users.name, users.surname, users.birth_place, users.birth_date, users.country, users.phone, users.hashed_password, users.role, users.plan, users.company_name, users.company_size, users.is_active, users.is_verified, users.created_at, users.updated_at 
FROM users 
WHERE users.tracking_id = $1::UUID
2026-05-28 14:36:10,847 INFO sqlalchemy.engine.Engine [cached since 42.63s ago] (UUID('8ee353bd-2b09-4b08-bce5-8b0569cc2036'),)
2026-05-28 14:36:10,852 INFO sqlalchemy.engine.Engine SELECT pages.id, pages.tracking_id, pages.interface_id, pages.nom, pages.chemin, pages.type_page, pages.est_accueil, pages.ordre, pages.created_at 
FROM pages 
WHERE pages.tracking_id = $1::UUID
2026-05-28 14:36:10,853 INFO sqlalchemy.engine.Engine [generated in 0.00078s] (UUID('823484df-6f22-4d38-9d53-6dd8c47f4f1a'),)
2026-05-28 14:36:10,868 INFO sqlalchemy.engine.Engine SELECT composants.id AS composants_id, composants.tracking_id AS composants_tracking_id, composants.page_id AS composants_page_id, composants.parent_id AS composants_parent_id, composants.type AS composants_type, composants.position_x AS composants_position_x, composants.position_y AS composants_position_y, composants.largeur AS composants_largeur, composants.hauteur AS composants_hauteur, composants.styles AS composants_styles, composants.config AS composants_config, composants.connecte_a AS composants_connecte_a, composants.ordre AS composants_ordre, composants.created_at AS composants_created_at 
FROM composants 
WHERE $1::UUID = composants.page_id
2026-05-28 14:36:10,869 INFO sqlalchemy.engine.Engine [generated in 0.00042s] (UUID('823484df-6f22-4d38-9d53-6dd8c47f4f1a'),)
2026-05-28 14:36:10,896 INFO sqlalchemy.engine.Engine SELECT interfaces.id AS interfaces_id, interfaces.tracking_id AS interfaces_tracking_id, interfaces.project_id AS interfaces_project_id, interfaces.version AS interfaces_version, interfaces.created_at AS interfaces_created_at, interfaces.updated_at AS interfaces_updated_at 
FROM interfaces 
WHERE interfaces.tracking_id = $1::UUID
2026-05-28 14:36:10,896 INFO sqlalchemy.engine.Engine [generated in 0.00023s] (UUID('992785f9-0b90-4abe-b02f-9ee1152b80c8'),)
2026-05-28 14:36:10,899 INFO sqlalchemy.engine.Engine DELETE FROM pages WHERE pages.id = $1::INTEGER
2026-05-28 14:36:10,900 INFO sqlalchemy.engine.Engine [generated in 0.00022s] (69,)
INFO:     127.0.0.1:52946 - "DELETE /api/interface/pages/823484df-6f22-4d38-9d53-6dd8c47f4f1a HTTP/1.1" 204 No Content
2026-05-28 14:36:10,903 INFO sqlalchemy.engine.Engine COMMIT
2026-05-28 14:36:24,430 INFO sqlalchemy.engine.Engine BEGIN (implicit)
2026-05-28 14:36:24,431 INFO sqlalchemy.engine.Engine SELECT users.id, users.tracking_id, users.email, users.name, users.surname, users.birth_place, users.birth_date, users.country, users.phone, users.hashed_password, users.role, users.plan, users.company_name, users.company_size, users.is_active, users.is_verified, users.created_at, users.updated_at 
FROM users 
WHERE users.tracking_id = $1::UUID
2026-05-28 14:36:24,431 INFO sqlalchemy.engine.Engine [cached since 56.21s ago] (UUID('8ee353bd-2b09-4b08-bce5-8b0569cc2036'),)
2026-05-28 14:36:24,436 INFO sqlalchemy.engine.Engine SELECT projects.id, projects.tracking_id, projects.name, projects.description, projects.slug, projects.status, projects.is_public, projects.config, projects.owner_id, projects.created_at, projects.updated_at 
FROM projects 
WHERE projects.tracking_id = $1::UUID
2026-05-28 14:36:24,437 INFO sqlalchemy.engine.Engine [cached since 52.34s ago] (UUID('f872f05e-aa3b-4f36-a38e-4a016955b6a4'),)
2026-05-28 14:36:24,448 INFO sqlalchemy.engine.Engine SELECT schemas.id, schemas.tracking_id, schemas.project_id, schemas.created_at, schemas.updated_at 
FROM schemas 
WHERE schemas.project_id = $1::UUID
2026-05-28 14:36:24,448 INFO sqlalchemy.engine.Engine [cached since 52.34s ago] (UUID('f872f05e-aa3b-4f36-a38e-4a016955b6a4'),)
2026-05-28 14:36:24,450 INFO sqlalchemy.engine.Engine SELECT tables_schema.id, tables_schema.tracking_id, tables_schema.schema_id, tables_schema.name, tables_schema.display_name, tables_schema.description, tables_schema.icon, tables_schema.created_at, tables_schema.updated_at 
FROM tables_schema 
WHERE tables_schema.schema_id = $1::UUID ORDER BY tables_schema.created_at DESC
2026-05-28 14:36:24,451 INFO sqlalchemy.engine.Engine [cached since 52.32s ago] (UUID('a00721b3-2cd2-4937-a2f3-d6e22cd508bc'),)
2026-05-28 14:36:24,454 INFO sqlalchemy.engine.Engine SELECT relations.id, relations.tracking_id, relations.schema_id, relations.source_table_id, relations.target_table_id, relations.name, relations.type, relations.description, relations.source_key, relations.target_key, relations.created_at, relations.updated_at 
FROM relations 
WHERE relations.schema_id = $1::UUID ORDER BY relations.created_at DESC
2026-05-28 14:36:24,455 INFO sqlalchemy.engine.Engine [cached since 52.26s ago] (UUID('a00721b3-2cd2-4937-a2f3-d6e22cd508bc'),)
2026-05-28 14:36:24,472 INFO sqlalchemy.engine.Engine SELECT fields.id, fields.tracking_id, fields.table_id, fields.name, fields.display_name, fields.type, fields.description, fields.required, fields."unique", fields.indexed, fields.config, fields."order", fields.created_at, fields.updated_at 
FROM fields 
WHERE fields.table_id = $1::UUID ORDER BY fields."order", fields.created_at
2026-05-28 14:36:24,472 INFO sqlalchemy.engine.Engine [cached since 52.19s ago] (UUID('b8107ede-6ff2-4df8-8978-ed224180a57a'),)
2026-05-28 14:36:24,481 INFO sqlalchemy.engine.Engine SELECT fields.id, fields.tracking_id, fields.table_id, fields.name, fields.display_name, fields.type, fields.description, fields.required, fields."unique", fields.indexed, fields.config, fields."order", fields.created_at, fields.updated_at 
FROM fields 
WHERE fields.table_id = $1::UUID ORDER BY fields."order", fields.created_at
2026-05-28 14:36:24,482 INFO sqlalchemy.engine.Engine [cached since 52.2s ago] (UUID('5e182d47-0b71-4fbc-b779-d508a07226c8'),)
2026-05-28 14:36:24,484 INFO sqlalchemy.engine.Engine SELECT fields.id, fields.tracking_id, fields.table_id, fields.name, fields.display_name, fields.type, fields.description, fields.required, fields."unique", fields.indexed, fields.config, fields."order", fields.created_at, fields.updated_at 
FROM fields 
WHERE fields.table_id = $1::UUID ORDER BY fields."order", fields.created_at
2026-05-28 14:36:24,484 INFO sqlalchemy.engine.Engine [cached since 52.21s ago] (UUID('95b4028d-124b-4a68-8666-c2f900ab37f5'),)
2026-05-28 14:36:24,487 INFO sqlalchemy.engine.Engine SELECT fields.id, fields.tracking_id, fields.table_id, fields.name, fields.display_name, fields.type, fields.description, fields.required, fields."unique", fields.indexed, fields.config, fields."order", fields.created_at, fields.updated_at 
FROM fields 
WHERE fields.table_id = $1::UUID ORDER BY fields."order", fields.created_at
2026-05-28 14:36:24,487 INFO sqlalchemy.engine.Engine [cached since 52.21s ago] (UUID('2f3a1db3-14d8-4d05-b6cc-58b65e70d422'),)
2026-05-28 14:36:24,491 INFO sqlalchemy.engine.Engine SELECT fields.id, fields.tracking_id, fields.table_id, fields.name, fields.display_name, fields.type, fields.description, fields.required, fields."unique", fields.indexed, fields.config, fields."order", fields.created_at, fields.updated_at 
FROM fields 
WHERE fields.table_id = $1::UUID ORDER BY fields."order", fields.created_at
2026-05-28 14:36:24,491 INFO sqlalchemy.engine.Engine [cached since 52.21s ago] (UUID('485687fc-a05d-4983-a83b-dd9be09f2c0d'),)
2026-05-28 14:36:24,493 INFO sqlalchemy.engine.Engine SELECT fields.id, fields.tracking_id, fields.table_id, fields.name, fields.display_name, fields.type, fields.description, fields.required, fields."unique", fields.indexed, fields.config, fields."order", fields.created_at, fields.updated_at 
FROM fields 
WHERE fields.table_id = $1::UUID ORDER BY fields."order", fields.created_at
2026-05-28 14:36:24,494 INFO sqlalchemy.engine.Engine [cached since 52.22s ago] (UUID('91bf4425-09c6-4929-830d-5622cc61935d'),)
2026-05-28 14:36:24,495 INFO sqlalchemy.engine.Engine SELECT fields.id, fields.tracking_id, fields.table_id, fields.name, fields.display_name, fields.type, fields.description, fields.required, fields."unique", fields.indexed, fields.config, fields."order", fields.created_at, fields.updated_at 
FROM fields 
WHERE fields.table_id = $1::UUID ORDER BY fields."order", fields.created_at
2026-05-28 14:36:24,495 INFO sqlalchemy.engine.Engine [cached since 52.22s ago] (UUID('7dc5c7d2-85a6-4efb-a79c-3febcf32b8b1'),)
2026-05-28 14:36:24,496 INFO sqlalchemy.engine.Engine SELECT fields.id, fields.tracking_id, fields.table_id, fields.name, fields.display_name, fields.type, fields.description, fields.required, fields."unique", fields.indexed, fields.config, fields."order", fields.created_at, fields.updated_at 
FROM fields 
WHERE fields.table_id = $1::UUID ORDER BY fields."order", fields.created_at
2026-05-28 14:36:24,497 INFO sqlalchemy.engine.Engine [cached since 52.22s ago] (UUID('2f9b51de-dbaf-4d4b-bff5-d1d851a1923a'),)
INFO:     127.0.0.1:39354 - "GET /api/schema/projects/f872f05e-aa3b-4f36-a38e-4a016955b6a4 HTTP/1.1" 200 OK
2026-05-28 14:36:24,498 INFO sqlalchemy.engine.Engine COMMIT
❌ AI JSON Parsing Error: Expecting ',' delimiter: line 492 column 16 (char 13202)
Raw content was: ```json
{
  "pages": [
    {
      "name": "Dashboard",
      "path": "/dashboard",
      "device": "desktop",
      "is_home": true,
      "components": [
        {
          "ui_type": "title",
          "props": {
            "text": "Tableau de Bord - Garage Manager"
          },
          "width": "100%",
          "height": "auto",
          "styles": {
            "backgroundColor": "#1e3a5f",
            "color": "#ffffff",
            "padding": "20px",
            "borderRadius": "8px"...
❌ Chat Tool Error: 500: AI returned invalid JSON: Expecting ',' delimiter: line 492 column 16 (char 13202)
2026-05-28 14:36:33,426 INFO sqlalchemy.engine.Engine ROLLBACK
INFO:     127.0.0.1:51410 - "POST /api/ai/projects/f872f05e-aa3b-4f36-a38e-4a016955b6a4/chat HTTP/1.1" 500 Internal Server Error
WARNING:  WatchFiles detected changes in 'app/modules/ai/service.py'. Reloading...
INFO:     Shutting down
INFO:     Waiting for application shutdown.
INFO:     Application shutdown complete.
INFO:     Finished server process [3234070]
INFO:     Started server process [3236532]
INFO:     Waiting for application startup.
INFO:     Application startup complete.
WARNING:  WatchFiles detected changes in 'app/modules/ai/service.py'. Reloading...
INFO:     Shutting down
INFO:     Waiting for application shutdown.
INFO:     Application shutdown complete.
INFO:     Finished server process [3236532]
INFO:     Started server process [3236586]
INFO:     Waiting for application startup.
INFO:     Application startup complete.
WARNING:  WatchFiles detected changes in 'app/modules/ai/service.py'. Reloading...
INFO:     Shutting down
INFO:     Waiting for application shutdown.
INFO:     Application shutdown complete.
INFO:     Finished server process [3236586]
INFO:     Started server process [3236633]
INFO:     Waiting for application startup.
INFO:     Application startup complete.
WARNING:  WatchFiles detected changes in 'app/modules/ai/prompts.py'. Reloading...
INFO:     Shutting down
INFO:     Waiting for application shutdown.
INFO:     Application shutdown complete.
INFO:     Finished server process [3236633]
INFO:     Started server process [3236677]
INFO:     Waiting for application startup.
INFO:     Application startup complete.
INFO:     127.0.0.1:47300 - "OPTIONS /api/ai/projects/f872f05e-aa3b-4f36-a38e-4a016955b6a4/chat HTTP/1.1" 200 OK
2026-05-28 14:46:06,280 INFO sqlalchemy.engine.Engine select pg_catalog.version()
2026-05-28 14:46:06,281 INFO sqlalchemy.engine.Engine [raw sql] ()
2026-05-28 14:46:06,285 INFO sqlalchemy.engine.Engine select current_schema()
2026-05-28 14:46:06,285 INFO sqlalchemy.engine.Engine [raw sql] ()
2026-05-28 14:46:06,287 INFO sqlalchemy.engine.Engine show standard_conforming_strings
2026-05-28 14:46:06,287 INFO sqlalchemy.engine.Engine [raw sql] ()
2026-05-28 14:46:06,288 INFO sqlalchemy.engine.Engine BEGIN (implicit)
2026-05-28 14:46:06,356 INFO sqlalchemy.engine.Engine SELECT users.id, users.tracking_id, users.email, users.name, users.surname, users.birth_place, users.birth_date, users.country, users.phone, users.hashed_password, users.role, users.plan, users.company_name, users.company_size, users.is_active, users.is_verified, users.created_at, users.updated_at 
FROM users 
WHERE users.tracking_id = $1::UUID
2026-05-28 14:46:06,357 INFO sqlalchemy.engine.Engine [generated in 0.00026s] (UUID('8ee353bd-2b09-4b08-bce5-8b0569cc2036'),)
2026-05-28 14:46:06,463 INFO sqlalchemy.engine.Engine SELECT projects.id, projects.tracking_id, projects.name, projects.description, projects.slug, projects.status, projects.is_public, projects.config, projects.owner_id, projects.created_at, projects.updated_at 
FROM projects 
WHERE projects.tracking_id = $1::UUID
2026-05-28 14:46:06,463 INFO sqlalchemy.engine.Engine [generated in 0.00040s] (UUID('f872f05e-aa3b-4f36-a38e-4a016955b6a4'),)
2026-05-28 14:46:06,473 INFO sqlalchemy.engine.Engine SELECT conversations.id, conversations.tracking_id, conversations.project_id, conversations.title, conversations.created_at, conversations.updated_at 
FROM conversations 
WHERE conversations.project_id = $1::UUID
2026-05-28 14:46:06,473 INFO sqlalchemy.engine.Engine [generated in 0.00023s] (UUID('f872f05e-aa3b-4f36-a38e-4a016955b6a4'),)
2026-05-28 14:46:06,478 INFO sqlalchemy.engine.Engine SELECT conversations.id, conversations.tracking_id, conversations.project_id, conversations.title, conversations.created_at, conversations.updated_at 
FROM conversations 
WHERE conversations.tracking_id = $1::UUID
2026-05-28 14:46:06,478 INFO sqlalchemy.engine.Engine [generated in 0.00032s] (UUID('3a056288-7230-4057-a3e0-ecfddf570b32'),)
2026-05-28 14:46:06,488 INFO sqlalchemy.engine.Engine SELECT conversations_1.id AS conversations_1_id, messages.id AS messages_id, messages.tracking_id AS messages_tracking_id, messages.conversation_id AS messages_conversation_id, messages.role AS messages_role, messages.content AS messages_content, messages.created_at AS messages_created_at 
FROM conversations AS conversations_1 JOIN messages ON conversations_1.tracking_id = messages.conversation_id 
WHERE conversations_1.id IN ($1::INTEGER) ORDER BY messages.created_at ASC
2026-05-28 14:46:06,488 INFO sqlalchemy.engine.Engine [generated in 0.00032s] (7,)
2026-05-28 14:46:06,501 INFO sqlalchemy.engine.Engine INSERT INTO messages (tracking_id, conversation_id, role, content) VALUES ($1::UUID, $2::UUID, $3::messagerole, $4::VARCHAR) RETURNING messages.id, messages.created_at
2026-05-28 14:46:06,501 INFO sqlalchemy.engine.Engine [generated in 0.00047s] (UUID('10a68d55-febb-4694-9bf4-3f1f8992b7ac'), UUID('3a056288-7230-4057-a3e0-ecfddf570b32'), 'USER', 'est ce que tu peux me creer une interface corectement pou ce orjet')
2026-05-28 14:46:06,506 INFO sqlalchemy.engine.Engine SELECT messages.id, messages.tracking_id, messages.conversation_id, messages.role, messages.content, messages.created_at 
FROM messages 
WHERE messages.id = $1::INTEGER
2026-05-28 14:46:06,506 INFO sqlalchemy.engine.Engine [generated in 0.00027s] (46,)
2026-05-28 14:46:06,509 INFO sqlalchemy.engine.Engine SELECT messages.id, messages.tracking_id, messages.conversation_id, messages.role, messages.content, messages.created_at 
FROM messages 
WHERE messages.conversation_id = $1::UUID ORDER BY messages.created_at ASC 
 LIMIT $2::INTEGER
2026-05-28 14:46:06,510 INFO sqlalchemy.engine.Engine [generated in 0.00031s] (UUID('3a056288-7230-4057-a3e0-ecfddf570b32'), 20)
2026-05-28 14:46:06,515 INFO sqlalchemy.engine.Engine SELECT schemas.id, schemas.tracking_id, schemas.project_id, schemas.created_at, schemas.updated_at 
FROM schemas 
WHERE schemas.project_id = $1::UUID
2026-05-28 14:46:06,516 INFO sqlalchemy.engine.Engine [generated in 0.00030s] (UUID('f872f05e-aa3b-4f36-a38e-4a016955b6a4'),)
2026-05-28 14:46:06,520 INFO sqlalchemy.engine.Engine SELECT tables_schema.id, tables_schema.tracking_id, tables_schema.schema_id, tables_schema.name, tables_schema.display_name, tables_schema.description, tables_schema.icon, tables_schema.created_at, tables_schema.updated_at 
FROM tables_schema 
WHERE tables_schema.schema_id = $1::UUID ORDER BY tables_schema.created_at DESC
2026-05-28 14:46:06,520 INFO sqlalchemy.engine.Engine [generated in 0.00029s] (UUID('a00721b3-2cd2-4937-a2f3-d6e22cd508bc'),)
2026-05-28 14:46:06,525 INFO sqlalchemy.engine.Engine SELECT fields.id, fields.tracking_id, fields.table_id, fields.name, fields.display_name, fields.type, fields.description, fields.required, fields."unique", fields.indexed, fields.config, fields."order", fields.created_at, fields.updated_at 
FROM fields 
WHERE fields.table_id = $1::UUID ORDER BY fields.created_at
2026-05-28 14:46:06,525 INFO sqlalchemy.engine.Engine [generated in 0.00029s] (UUID('b8107ede-6ff2-4df8-8978-ed224180a57a'),)
2026-05-28 14:46:06,536 INFO sqlalchemy.engine.Engine SELECT fields.id, fields.tracking_id, fields.table_id, fields.name, fields.display_name, fields.type, fields.description, fields.required, fields."unique", fields.indexed, fields.config, fields."order", fields.created_at, fields.updated_at 
FROM fields 
WHERE fields.table_id = $1::UUID ORDER BY fields.created_at
2026-05-28 14:46:06,537 INFO sqlalchemy.engine.Engine [cached since 0.01172s ago] (UUID('5e182d47-0b71-4fbc-b779-d508a07226c8'),)
2026-05-28 14:46:06,538 INFO sqlalchemy.engine.Engine SELECT fields.id, fields.tracking_id, fields.table_id, fields.name, fields.display_name, fields.type, fields.description, fields.required, fields."unique", fields.indexed, fields.config, fields."order", fields.created_at, fields.updated_at 
FROM fields 
WHERE fields.table_id = $1::UUID ORDER BY fields.created_at
2026-05-28 14:46:06,539 INFO sqlalchemy.engine.Engine [cached since 0.01371s ago] (UUID('95b4028d-124b-4a68-8666-c2f900ab37f5'),)
2026-05-28 14:46:06,540 INFO sqlalchemy.engine.Engine SELECT fields.id, fields.tracking_id, fields.table_id, fields.name, fields.display_name, fields.type, fields.description, fields.required, fields."unique", fields.indexed, fields.config, fields."order", fields.created_at, fields.updated_at 
FROM fields 
WHERE fields.table_id = $1::UUID ORDER BY fields.created_at
2026-05-28 14:46:06,540 INFO sqlalchemy.engine.Engine [cached since 0.01554s ago] (UUID('2f3a1db3-14d8-4d05-b6cc-58b65e70d422'),)
2026-05-28 14:46:06,542 INFO sqlalchemy.engine.Engine SELECT fields.id, fields.tracking_id, fields.table_id, fields.name, fields.display_name, fields.type, fields.description, fields.required, fields."unique", fields.indexed, fields.config, fields."order", fields.created_at, fields.updated_at 
FROM fields 
WHERE fields.table_id = $1::UUID ORDER BY fields.created_at
2026-05-28 14:46:06,542 INFO sqlalchemy.engine.Engine [cached since 0.01731s ago] (UUID('485687fc-a05d-4983-a83b-dd9be09f2c0d'),)
2026-05-28 14:46:06,545 INFO sqlalchemy.engine.Engine SELECT fields.id, fields.tracking_id, fields.table_id, fields.name, fields.display_name, fields.type, fields.description, fields.required, fields."unique", fields.indexed, fields.config, fields."order", fields.created_at, fields.updated_at 
FROM fields 
WHERE fields.table_id = $1::UUID ORDER BY fields.created_at
2026-05-28 14:46:06,545 INFO sqlalchemy.engine.Engine [cached since 0.01988s ago] (UUID('91bf4425-09c6-4929-830d-5622cc61935d'),)
2026-05-28 14:46:06,550 INFO sqlalchemy.engine.Engine SELECT relations.id, relations.tracking_id, relations.schema_id, relations.source_table_id, relations.target_table_id, relations.name, relations.type, relations.description, relations.source_key, relations.target_key, relations.created_at, relations.updated_at 
FROM relations 
WHERE relations.schema_id = $1::UUID ORDER BY relations.created_at DESC
2026-05-28 14:46:06,551 INFO sqlalchemy.engine.Engine [generated in 0.00031s] (UUID('a00721b3-2cd2-4937-a2f3-d6e22cd508bc'),)
2026-05-28 14:46:06,560 INFO sqlalchemy.engine.Engine SELECT interfaces.id, interfaces.tracking_id, interfaces.project_id, interfaces.version, interfaces.created_at, interfaces.updated_at 
FROM interfaces 
WHERE interfaces.project_id = $1::UUID
2026-05-28 14:46:06,560 INFO sqlalchemy.engine.Engine [generated in 0.00064s] (UUID('f872f05e-aa3b-4f36-a38e-4a016955b6a4'),)
2026-05-28 14:46:06,566 INFO sqlalchemy.engine.Engine SELECT pages.id, pages.tracking_id, pages.interface_id, pages.nom, pages.chemin, pages.type_page, pages.est_accueil, pages.ordre, pages.created_at 
FROM pages 
WHERE pages.interface_id = $1::UUID ORDER BY pages.created_at
2026-05-28 14:46:06,566 INFO sqlalchemy.engine.Engine [generated in 0.00023s] (UUID('992785f9-0b90-4abe-b02f-9ee1152b80c8'),)
2026-05-28 14:46:06,582 INFO sqlalchemy.engine.Engine SELECT composants.id, composants.tracking_id, composants.page_id, composants.parent_id, composants.type, composants.position_x, composants.position_y, composants.largeur, composants.hauteur, composants.styles, composants.config, composants.connecte_a, composants.ordre, composants.created_at 
FROM composants 
WHERE composants.page_id = $1::UUID
2026-05-28 14:46:06,583 INFO sqlalchemy.engine.Engine [generated in 0.00024s] (UUID('b60d8890-ab0f-4431-8cc8-6ae5d9d1ab12'),)
2026-05-28 14:46:17,401 INFO sqlalchemy.engine.Engine SELECT projects.id, projects.tracking_id, projects.name, projects.description, projects.slug, projects.status, projects.is_public, projects.config, projects.owner_id, projects.created_at, projects.updated_at 
FROM projects 
WHERE projects.tracking_id = $1::UUID
2026-05-28 14:46:17,401 INFO sqlalchemy.engine.Engine [cached since 10.94s ago] (UUID('f872f05e-aa3b-4f36-a38e-4a016955b6a4'),)
2026-05-28 14:46:37,841 INFO sqlalchemy.engine.Engine SELECT interfaces.id, interfaces.tracking_id, interfaces.project_id, interfaces.version, interfaces.created_at, interfaces.updated_at 
FROM interfaces 
WHERE interfaces.project_id = $1::UUID
2026-05-28 14:46:37,841 INFO sqlalchemy.engine.Engine [cached since 31.28s ago] (UUID('f872f05e-aa3b-4f36-a38e-4a016955b6a4'),)
2026-05-28 14:46:37,849 INFO sqlalchemy.engine.Engine SELECT pages.id, pages.tracking_id, pages.interface_id, pages.nom, pages.chemin, pages.type_page, pages.est_accueil, pages.ordre, pages.created_at 
FROM pages 
WHERE pages.interface_id = $1::UUID ORDER BY pages.ordre
2026-05-28 14:46:37,850 INFO sqlalchemy.engine.Engine [generated in 0.00050s] (UUID('992785f9-0b90-4abe-b02f-9ee1152b80c8'),)
2026-05-28 14:46:37,863 INFO sqlalchemy.engine.Engine SELECT composants.id AS composants_id, composants.tracking_id AS composants_tracking_id, composants.page_id AS composants_page_id, composants.parent_id AS composants_parent_id, composants.type AS composants_type, composants.position_x AS composants_position_x, composants.position_y AS composants_position_y, composants.largeur AS composants_largeur, composants.hauteur AS composants_hauteur, composants.styles AS composants_styles, composants.config AS composants_config, composants.connecte_a AS composants_connecte_a, composants.ordre AS composants_ordre, composants.created_at AS composants_created_at 
FROM composants 
WHERE $1::UUID = composants.page_id
2026-05-28 14:46:37,863 INFO sqlalchemy.engine.Engine [generated in 0.00067s] (UUID('b60d8890-ab0f-4431-8cc8-6ae5d9d1ab12'),)
2026-05-28 14:46:37,876 INFO sqlalchemy.engine.Engine SELECT composants.id AS composants_id, composants.tracking_id AS composants_tracking_id, composants.page_id AS composants_page_id, composants.parent_id AS composants_parent_id, composants.type AS composants_type, composants.position_x AS composants_position_x, composants.position_y AS composants_position_y, composants.largeur AS composants_largeur, composants.hauteur AS composants_hauteur, composants.styles AS composants_styles, composants.config AS composants_config, composants.connecte_a AS composants_connecte_a, composants.ordre AS composants_ordre, composants.created_at AS composants_created_at 
FROM composants 
WHERE composants.tracking_id = $1::UUID
2026-05-28 14:46:37,876 INFO sqlalchemy.engine.Engine [generated in 0.00067s] (None,)
2026-05-28 14:46:37,882 INFO sqlalchemy.engine.Engine SELECT pages.id AS pages_id, pages.tracking_id AS pages_tracking_id, pages.interface_id AS pages_interface_id, pages.nom AS pages_nom, pages.chemin AS pages_chemin, pages.type_page AS pages_type_page, pages.est_accueil AS pages_est_accueil, pages.ordre AS pages_ordre, pages.created_at AS pages_created_at 
FROM pages 
WHERE pages.tracking_id = $1::UUID
2026-05-28 14:46:37,883 INFO sqlalchemy.engine.Engine [generated in 0.00028s] (UUID('b60d8890-ab0f-4431-8cc8-6ae5d9d1ab12'),)
2026-05-28 14:46:37,887 INFO sqlalchemy.engine.Engine SELECT composants.id AS composants_id, composants.tracking_id AS composants_tracking_id, composants.page_id AS composants_page_id, composants.parent_id AS composants_parent_id, composants.type AS composants_type, composants.position_x AS composants_position_x, composants.position_y AS composants_position_y, composants.largeur AS composants_largeur, composants.hauteur AS composants_hauteur, composants.styles AS composants_styles, composants.config AS composants_config, composants.connecte_a AS composants_connecte_a, composants.ordre AS composants_ordre, composants.created_at AS composants_created_at 
FROM composants 
WHERE $1::UUID = composants.parent_id
2026-05-28 14:46:37,887 INFO sqlalchemy.engine.Engine [generated in 0.00040s] (UUID('6cede35c-8fcc-4068-a982-6df8829c9189'),)
2026-05-28 14:46:37,889 INFO sqlalchemy.engine.Engine SELECT composants.id AS composants_id, composants.tracking_id AS composants_tracking_id, composants.page_id AS composants_page_id, composants.parent_id AS composants_parent_id, composants.type AS composants_type, composants.position_x AS composants_position_x, composants.position_y AS composants_position_y, composants.largeur AS composants_largeur, composants.hauteur AS composants_hauteur, composants.styles AS composants_styles, composants.config AS composants_config, composants.connecte_a AS composants_connecte_a, composants.ordre AS composants_ordre, composants.created_at AS composants_created_at 
FROM composants 
WHERE $1::UUID = composants.parent_id
2026-05-28 14:46:37,889 INFO sqlalchemy.engine.Engine [cached since 0.002907s ago] (UUID('de784423-e752-403a-9258-f857653b2ba0'),)
2026-05-28 14:46:37,891 INFO sqlalchemy.engine.Engine SELECT composants.id AS composants_id, composants.tracking_id AS composants_tracking_id, composants.page_id AS composants_page_id, composants.parent_id AS composants_parent_id, composants.type AS composants_type, composants.position_x AS composants_position_x, composants.position_y AS composants_position_y, composants.largeur AS composants_largeur, composants.hauteur AS composants_hauteur, composants.styles AS composants_styles, composants.config AS composants_config, composants.connecte_a AS composants_connecte_a, composants.ordre AS composants_ordre, composants.created_at AS composants_created_at 
FROM composants 
WHERE $1::UUID = composants.parent_id
2026-05-28 14:46:37,891 INFO sqlalchemy.engine.Engine [cached since 0.004648s ago] (UUID('8075949c-0a09-4d76-845c-9b53a632aa47'),)
2026-05-28 14:46:37,892 INFO sqlalchemy.engine.Engine SELECT composants.id AS composants_id, composants.tracking_id AS composants_tracking_id, composants.page_id AS composants_page_id, composants.parent_id AS composants_parent_id, composants.type AS composants_type, composants.position_x AS composants_position_x, composants.position_y AS composants_position_y, composants.largeur AS composants_largeur, composants.hauteur AS composants_hauteur, composants.styles AS composants_styles, composants.config AS composants_config, composants.connecte_a AS composants_connecte_a, composants.ordre AS composants_ordre, composants.created_at AS composants_created_at 
FROM composants 
WHERE $1::UUID = composants.parent_id
2026-05-28 14:46:37,893 INFO sqlalchemy.engine.Engine [cached since 0.006231s ago] (UUID('3d026bac-35bb-400d-87f1-323de8c1e2f8'),)
2026-05-28 14:46:37,894 INFO sqlalchemy.engine.Engine SELECT composants.id AS composants_id, composants.tracking_id AS composants_tracking_id, composants.page_id AS composants_page_id, composants.parent_id AS composants_parent_id, composants.type AS composants_type, composants.position_x AS composants_position_x, composants.position_y AS composants_position_y, composants.largeur AS composants_largeur, composants.hauteur AS composants_hauteur, composants.styles AS composants_styles, composants.config AS composants_config, composants.connecte_a AS composants_connecte_a, composants.ordre AS composants_ordre, composants.created_at AS composants_created_at 
FROM composants 
WHERE $1::UUID = composants.parent_id
2026-05-28 14:46:37,894 INFO sqlalchemy.engine.Engine [cached since 0.007995s ago] (UUID('d11a8724-ab2b-4d85-804b-e13015a077f9'),)
2026-05-28 14:46:37,896 INFO sqlalchemy.engine.Engine SELECT composants.id AS composants_id, composants.tracking_id AS composants_tracking_id, composants.page_id AS composants_page_id, composants.parent_id AS composants_parent_id, composants.type AS composants_type, composants.position_x AS composants_position_x, composants.position_y AS composants_position_y, composants.largeur AS composants_largeur, composants.hauteur AS composants_hauteur, composants.styles AS composants_styles, composants.config AS composants_config, composants.connecte_a AS composants_connecte_a, composants.ordre AS composants_ordre, composants.created_at AS composants_created_at 
FROM composants 
WHERE $1::UUID = composants.parent_id
2026-05-28 14:46:37,896 INFO sqlalchemy.engine.Engine [cached since 0.0098s ago] (UUID('e84bd7ee-ec5e-49ff-819f-077efa4ead17'),)
2026-05-28 14:46:37,900 INFO sqlalchemy.engine.Engine SELECT interfaces.id AS interfaces_id, interfaces.tracking_id AS interfaces_tracking_id, interfaces.project_id AS interfaces_project_id, interfaces.version AS interfaces_version, interfaces.created_at AS interfaces_created_at, interfaces.updated_at AS interfaces_updated_at 
FROM interfaces 
WHERE interfaces.tracking_id = $1::UUID
2026-05-28 14:46:37,900 INFO sqlalchemy.engine.Engine [generated in 0.00032s] (UUID('992785f9-0b90-4abe-b02f-9ee1152b80c8'),)
2026-05-28 14:46:37,903 INFO sqlalchemy.engine.Engine SELECT pages.id AS pages_id, pages.tracking_id AS pages_tracking_id, pages.interface_id AS pages_interface_id, pages.nom AS pages_nom, pages.chemin AS pages_chemin, pages.type_page AS pages_type_page, pages.est_accueil AS pages_est_accueil, pages.ordre AS pages_ordre, pages.created_at AS pages_created_at 
FROM pages 
WHERE pages.tracking_id = $1::UUID
2026-05-28 14:46:37,903 INFO sqlalchemy.engine.Engine [cached since 0.02103s ago] (UUID('b60d8890-ab0f-4431-8cc8-6ae5d9d1ab12'),)
2026-05-28 14:46:37,905 INFO sqlalchemy.engine.Engine SELECT pages.id AS pages_id, pages.tracking_id AS pages_tracking_id, pages.interface_id AS pages_interface_id, pages.nom AS pages_nom, pages.chemin AS pages_chemin, pages.type_page AS pages_type_page, pages.est_accueil AS pages_est_accueil, pages.ordre AS pages_ordre, pages.created_at AS pages_created_at 
FROM pages 
WHERE pages.tracking_id = $1::UUID
2026-05-28 14:46:37,906 INFO sqlalchemy.engine.Engine [cached since 0.02312s ago] (UUID('b60d8890-ab0f-4431-8cc8-6ae5d9d1ab12'),)
2026-05-28 14:46:37,907 INFO sqlalchemy.engine.Engine SELECT pages.id AS pages_id, pages.tracking_id AS pages_tracking_id, pages.interface_id AS pages_interface_id, pages.nom AS pages_nom, pages.chemin AS pages_chemin, pages.type_page AS pages_type_page, pages.est_accueil AS pages_est_accueil, pages.ordre AS pages_ordre, pages.created_at AS pages_created_at 
FROM pages 
WHERE pages.tracking_id = $1::UUID
2026-05-28 14:46:37,908 INFO sqlalchemy.engine.Engine [cached since 0.02511s ago] (UUID('b60d8890-ab0f-4431-8cc8-6ae5d9d1ab12'),)
2026-05-28 14:46:37,909 INFO sqlalchemy.engine.Engine SELECT pages.id AS pages_id, pages.tracking_id AS pages_tracking_id, pages.interface_id AS pages_interface_id, pages.nom AS pages_nom, pages.chemin AS pages_chemin, pages.type_page AS pages_type_page, pages.est_accueil AS pages_est_accueil, pages.ordre AS pages_ordre, pages.created_at AS pages_created_at 
FROM pages 
WHERE pages.tracking_id = $1::UUID
2026-05-28 14:46:37,910 INFO sqlalchemy.engine.Engine [cached since 0.02718s ago] (UUID('b60d8890-ab0f-4431-8cc8-6ae5d9d1ab12'),)
2026-05-28 14:46:37,912 INFO sqlalchemy.engine.Engine SELECT pages.id AS pages_id, pages.tracking_id AS pages_tracking_id, pages.interface_id AS pages_interface_id, pages.nom AS pages_nom, pages.chemin AS pages_chemin, pages.type_page AS pages_type_page, pages.est_accueil AS pages_est_accueil, pages.ordre AS pages_ordre, pages.created_at AS pages_created_at 
FROM pages 
WHERE pages.tracking_id = $1::UUID
2026-05-28 14:46:37,912 INFO sqlalchemy.engine.Engine [cached since 0.0296s ago] (UUID('b60d8890-ab0f-4431-8cc8-6ae5d9d1ab12'),)
2026-05-28 14:46:37,914 INFO sqlalchemy.engine.Engine SELECT composants.id AS composants_id, composants.tracking_id AS composants_tracking_id, composants.page_id AS composants_page_id, composants.parent_id AS composants_parent_id, composants.type AS composants_type, composants.position_x AS composants_position_x, composants.position_y AS composants_position_y, composants.largeur AS composants_largeur, composants.hauteur AS composants_hauteur, composants.styles AS composants_styles, composants.config AS composants_config, composants.connecte_a AS composants_connecte_a, composants.ordre AS composants_ordre, composants.created_at AS composants_created_at 
FROM composants 
WHERE composants.tracking_id = $1::UUID
2026-05-28 14:46:37,914 INFO sqlalchemy.engine.Engine [cached since 0.03888s ago] (None,)
2026-05-28 14:46:37,916 INFO sqlalchemy.engine.Engine SELECT composants.id AS composants_id, composants.tracking_id AS composants_tracking_id, composants.page_id AS composants_page_id, composants.parent_id AS composants_parent_id, composants.type AS composants_type, composants.position_x AS composants_position_x, composants.position_y AS composants_position_y, composants.largeur AS composants_largeur, composants.hauteur AS composants_hauteur, composants.styles AS composants_styles, composants.config AS composants_config, composants.connecte_a AS composants_connecte_a, composants.ordre AS composants_ordre, composants.created_at AS composants_created_at 
FROM composants 
WHERE composants.tracking_id = $1::UUID
2026-05-28 14:46:37,916 INFO sqlalchemy.engine.Engine [cached since 0.04097s ago] (None,)
2026-05-28 14:46:37,918 INFO sqlalchemy.engine.Engine SELECT composants.id AS composants_id, composants.tracking_id AS composants_tracking_id, composants.page_id AS composants_page_id, composants.parent_id AS composants_parent_id, composants.type AS composants_type, composants.position_x AS composants_position_x, composants.position_y AS composants_position_y, composants.largeur AS composants_largeur, composants.hauteur AS composants_hauteur, composants.styles AS composants_styles, composants.config AS composants_config, composants.connecte_a AS composants_connecte_a, composants.ordre AS composants_ordre, composants.created_at AS composants_created_at 
FROM composants 
WHERE composants.tracking_id = $1::UUID
2026-05-28 14:46:37,918 INFO sqlalchemy.engine.Engine [cached since 0.04282s ago] (None,)
2026-05-28 14:46:37,920 INFO sqlalchemy.engine.Engine SELECT composants.id AS composants_id, composants.tracking_id AS composants_tracking_id, composants.page_id AS composants_page_id, composants.parent_id AS composants_parent_id, composants.type AS composants_type, composants.position_x AS composants_position_x, composants.position_y AS composants_position_y, composants.largeur AS composants_largeur, composants.hauteur AS composants_hauteur, composants.styles AS composants_styles, composants.config AS composants_config, composants.connecte_a AS composants_connecte_a, composants.ordre AS composants_ordre, composants.created_at AS composants_created_at 
FROM composants 
WHERE composants.tracking_id = $1::UUID
2026-05-28 14:46:37,920 INFO sqlalchemy.engine.Engine [cached since 0.04473s ago] (None,)
2026-05-28 14:46:37,922 INFO sqlalchemy.engine.Engine SELECT composants.id AS composants_id, composants.tracking_id AS composants_tracking_id, composants.page_id AS composants_page_id, composants.parent_id AS composants_parent_id, composants.type AS composants_type, composants.position_x AS composants_position_x, composants.position_y AS composants_position_y, composants.largeur AS composants_largeur, composants.hauteur AS composants_hauteur, composants.styles AS composants_styles, composants.config AS composants_config, composants.connecte_a AS composants_connecte_a, composants.ordre AS composants_ordre, composants.created_at AS composants_created_at 
FROM composants 
WHERE composants.tracking_id = $1::UUID
2026-05-28 14:46:37,922 INFO sqlalchemy.engine.Engine [cached since 0.04647s ago] (None,)
2026-05-28 14:46:37,926 INFO sqlalchemy.engine.Engine DELETE FROM composants WHERE composants.id = $1::INTEGER
2026-05-28 14:46:37,926 INFO sqlalchemy.engine.Engine [generated in 0.00036s] [(131,), (132,), (133,), (134,), (135,), (136,)]
2026-05-28 14:46:37,930 INFO sqlalchemy.engine.Engine DELETE FROM pages WHERE pages.id = $1::INTEGER
2026-05-28 14:46:37,930 INFO sqlalchemy.engine.Engine [generated in 0.00028s] (68,)
2026-05-28 14:46:37,933 INFO sqlalchemy.engine.Engine SELECT schemas.id, schemas.tracking_id, schemas.project_id, schemas.created_at, schemas.updated_at 
FROM schemas 
WHERE schemas.project_id = $1::UUID
2026-05-28 14:46:37,933 INFO sqlalchemy.engine.Engine [cached since 31.42s ago] (UUID('f872f05e-aa3b-4f36-a38e-4a016955b6a4'),)
2026-05-28 14:46:37,936 INFO sqlalchemy.engine.Engine SELECT tables_schema.id, tables_schema.tracking_id, tables_schema.schema_id, tables_schema.name, tables_schema.display_name, tables_schema.description, tables_schema.icon, tables_schema.created_at, tables_schema.updated_at 
FROM tables_schema 
WHERE tables_schema.schema_id = $1::UUID
2026-05-28 14:46:37,936 INFO sqlalchemy.engine.Engine [generated in 0.00026s] (UUID('a00721b3-2cd2-4937-a2f3-d6e22cd508bc'),)
2026-05-28 14:46:37,940 INFO sqlalchemy.engine.Engine INSERT INTO pages (tracking_id, interface_id, nom, chemin, type_page, est_accueil, ordre) VALUES ($1::UUID, $2::UUID, $3::VARCHAR, $4::VARCHAR, $5::typepage, $6::BOOLEAN, $7::INTEGER) RETURNING pages.id, pages.created_at
2026-05-28 14:46:37,940 INFO sqlalchemy.engine.Engine [generated in 0.00038s] (UUID('dbc66c62-6f9c-4081-9562-48c533e17cad'), UUID('992785f9-0b90-4abe-b02f-9ee1152b80c8'), 'Dashboard', '/', 'desktop', True, 0)
2026-05-28 14:46:37,944 INFO sqlalchemy.engine.Engine SELECT pages.id, pages.tracking_id, pages.interface_id, pages.nom, pages.chemin, pages.type_page, pages.est_accueil, pages.ordre, pages.created_at 
FROM pages 
WHERE pages.id = $1::INTEGER
2026-05-28 14:46:37,944 INFO sqlalchemy.engine.Engine [generated in 0.00029s] (70,)
2026-05-28 14:46:37,948 INFO sqlalchemy.engine.Engine INSERT INTO pages (tracking_id, interface_id, nom, chemin, type_page, est_accueil, ordre) VALUES ($1::UUID, $2::UUID, $3::VARCHAR, $4::VARCHAR, $5::typepage, $6::BOOLEAN, $7::INTEGER) RETURNING pages.id, pages.created_at
2026-05-28 14:46:37,948 INFO sqlalchemy.engine.Engine [cached since 0.008551s ago] (UUID('791e2f8b-2601-4e35-96e5-06665e1cef18'), UUID('992785f9-0b90-4abe-b02f-9ee1152b80c8'), 'Clients', '/clients', 'desktop', False, 1)
2026-05-28 14:46:37,952 INFO sqlalchemy.engine.Engine INSERT INTO composants (tracking_id, page_id, parent_id, type, position_x, position_y, largeur, hauteur, styles, config, connecte_a, ordre) SELECT p0::UUID, p1::UUID, p2::UUID, p3::typecomposant, p4::INTEGER, p5::INTEGER, p6::VARCHAR, p7::VARCHAR, p8 ... 770 characters truncated ... counter) ORDER BY sen_counter RETURNING composants.id, composants.created_at, composants.id AS id__1
2026-05-28 14:46:37,952 INFO sqlalchemy.engine.Engine [generated in 0.00031s (insertmanyvalues) 1/1 (ordered)] (UUID('140fea27-7547-493d-b2e6-0abfdf986941'), UUID('dbc66c62-6f9c-4081-9562-48c533e17cad'), None, 'CONTENEUR', 0, 0, '100%', 'auto', '{"display": "grid", "gridTemplateColumns": "repeat(4, 1fr)", "gap": "16px", "marginBottom": "24px"}', '{"uiType": "container", "props": {}}', None, 0, UUID('85490797-dde9-4a2d-a124-b3539fcc7c45'), UUID('dbc66c62-6f9c-4081-9562-48c533e17cad'), None, 'CARTE', 0, 1, '100%', '300px', '{"marginBottom": "24px", "padding": "16px", "borderRadius": "8px"}', '{"uiType": "card", "props": {"label": "R\\u00e9parations par mois"}}', UUID('95b4028d-124b-4a68-8666-c2f900ab37f5'), 1, UUID('cec8d8d8-f935-4a30-b69b-625334160e3f'), UUID('dbc66c62-6f9c-4081-9562-48c533e17cad'), None, 'CONTENEUR', 0, 2, '100%', 'auto', '{"gap": "16px"}', '{"uiType": "columns", "props": {}}', None, 2, UUID('f7d230a6-1341-4bee-b77a-2115cfe02126'), UUID('dbc66c62-6f9c-4081-9562-48c533e17cad'), None, 'BOUTON', 0, 3, 'auto', 'auto', '{"backgroundColor": "#2563eb", "color": "white", "padding": "12px 24px", "borderRadius": "8px"}', '{"uiType": "button", "props": {"label": "Nouvelle r\\u00e9paration", "text": "+ Nouvelle r\\u00e9paration"}}', UUID('95b4028d-124b-4a68-8666-c2f900ab37f5'), 3)
2026-05-28 14:46:37,953 INFO sqlalchemy.engine.Engine ROLLBACK
❌ Chat Tool Error: (sqlalchemy.dialects.postgresql.asyncpg.Error) <class 'asyncpg.exceptions.DataError'>: invalid input for query argument $23: UUID('95b4028d-124b-4a68-8666-c2f900ab37... (expected str, got UUID)
[SQL: INSERT INTO composants (tracking_id, page_id, parent_id, type, position_x, position_y, largeur, hauteur, styles, config, connecte_a, ordre) SELECT p0::UUID, p1::UUID, p2::UUID, p3::typecomposant, p4::INTEGER, p5::INTEGER, p6::VARCHAR, p7::VARCHAR, p8 ... 770 characters truncated ... counter) ORDER BY sen_counter RETURNING composants.id, composants.created_at, composants.id AS id__1]
[parameters: (UUID('140fea27-7547-493d-b2e6-0abfdf986941'), UUID('dbc66c62-6f9c-4081-9562-48c533e17cad'), None, 'CONTENEUR', 0, 0, '100%', 'auto', '{"display": "grid", "gridTemplateColumns": "repeat(4, 1fr)", "gap": "16px", "marginBottom": "24px"}', '{"uiType": "container", "props": {}}', None, 0, UUID('85490797-dde9-4a2d-a124-b3539fcc7c45'), UUID('dbc66c62-6f9c-4081-9562-48c533e17cad'), None, 'CARTE', 0, 1, '100%', '300px', '{"marginBottom": "24px", "padding": "16px", "borderRadius": "8px"}', '{"uiType": "card", "props": {"label": "R\\u00e9parations par mois"}}', UUID('95b4028d-124b-4a68-8666-c2f900ab37f5'), 1, UUID('cec8d8d8-f935-4a30-b69b-625334160e3f'), UUID('dbc66c62-6f9c-4081-9562-48c533e17cad'), None, 'CONTENEUR', 0, 2, '100%', 'auto', '{"gap": "16px"}', '{"uiType": "columns", "props": {}}', None, 2, UUID('f7d230a6-1341-4bee-b77a-2115cfe02126'), UUID('dbc66c62-6f9c-4081-9562-48c533e17cad'), None, 'BOUTON', 0, 3, 'auto', 'auto', '{"backgroundColor": "#2563eb", "color": "white", "padding": "12px 24px", "borderRadius": "8px"}', '{"uiType": "button", "props": {"label": "Nouvelle r\\u00e9paration", "text": "+ Nouvelle r\\u00e9paration"}}', UUID('95b4028d-124b-4a68-8666-c2f900ab37f5'), 3)]
(Background on this error at: https://sqlalche.me/e/20/dbapi)
INFO:     127.0.0.1:47300 - "POST /api/ai/projects/f872f05e-aa3b-4f36-a38e-4a016955b6a4/chat HTTP/1.1" 500 Internal Server Error
INFO:     127.0.0.1:46146 - "OPTIONS /api/schema/projects/f872f05e-aa3b-4f36-a38e-4a016955b6a4 HTTP/1.1" 200 OK
INFO:     127.0.0.1:46150 - "OPTIONS /api/workflows/f872f05e-aa3b-4f36-a38e-4a016955b6a4 HTTP/1.1" 200 OK
2026-05-28 14:54:09,108 INFO sqlalchemy.engine.Engine BEGIN (implicit)
2026-05-28 14:54:09,110 INFO sqlalchemy.engine.Engine SELECT users.id, users.tracking_id, users.email, users.name, users.surname, users.birth_place, users.birth_date, users.country, users.phone, users.hashed_password, users.role, users.plan, users.company_name, users.company_size, users.is_active, users.is_verified, users.created_at, users.updated_at 
FROM users 
WHERE users.tracking_id = $1::UUID
2026-05-28 14:54:09,110 INFO sqlalchemy.engine.Engine [cached since 482.8s ago] (UUID('8ee353bd-2b09-4b08-bce5-8b0569cc2036'),)
2026-05-28 14:54:09,123 INFO sqlalchemy.engine.Engine SELECT workflows.id, workflows.tracking_id, workflows.project_id, workflows.nom, workflows.description, workflows.actif, workflows.created_at, workflows.updated_at 
FROM workflows 
WHERE workflows.project_id = $1::UUID ORDER BY workflows.created_at DESC
2026-05-28 14:54:09,123 INFO sqlalchemy.engine.Engine [generated in 0.00039s] (UUID('f872f05e-aa3b-4f36-a38e-4a016955b6a4'),)
INFO:     127.0.0.1:46146 - "GET /api/workflows/f872f05e-aa3b-4f36-a38e-4a016955b6a4 HTTP/1.1" 200 OK
2026-05-28 14:54:09,134 INFO sqlalchemy.engine.Engine COMMIT
2026-05-28 14:54:09,224 INFO sqlalchemy.engine.Engine BEGIN (implicit)
2026-05-28 14:54:09,225 INFO sqlalchemy.engine.Engine SELECT users.id, users.tracking_id, users.email, users.name, users.surname, users.birth_place, users.birth_date, users.country, users.phone, users.hashed_password, users.role, users.plan, users.company_name, users.company_size, users.is_active, users.is_verified, users.created_at, users.updated_at 
FROM users 
WHERE users.tracking_id = $1::UUID
2026-05-28 14:54:09,225 INFO sqlalchemy.engine.Engine [cached since 482.9s ago] (UUID('8ee353bd-2b09-4b08-bce5-8b0569cc2036'),)
2026-05-28 14:54:09,253 INFO sqlalchemy.engine.Engine SELECT projects.id, projects.tracking_id, projects.name, projects.description, projects.slug, projects.status, projects.is_public, projects.config, projects.owner_id, projects.created_at, projects.updated_at 
FROM projects 
WHERE projects.tracking_id = $1::UUID
2026-05-28 14:54:09,253 INFO sqlalchemy.engine.Engine [cached since 482.8s ago] (UUID('f872f05e-aa3b-4f36-a38e-4a016955b6a4'),)
2026-05-28 14:54:09,264 INFO sqlalchemy.engine.Engine SELECT schemas.id, schemas.tracking_id, schemas.project_id, schemas.created_at, schemas.updated_at 
FROM schemas 
WHERE schemas.project_id = $1::UUID
2026-05-28 14:54:09,265 INFO sqlalchemy.engine.Engine [cached since 482.7s ago] (UUID('f872f05e-aa3b-4f36-a38e-4a016955b6a4'),)
2026-05-28 14:54:09,268 INFO sqlalchemy.engine.Engine SELECT tables_schema.id, tables_schema.tracking_id, tables_schema.schema_id, tables_schema.name, tables_schema.display_name, tables_schema.description, tables_schema.icon, tables_schema.created_at, tables_schema.updated_at 
FROM tables_schema 
WHERE tables_schema.schema_id = $1::UUID ORDER BY tables_schema.created_at DESC
2026-05-28 14:54:09,268 INFO sqlalchemy.engine.Engine [cached since 482.7s ago] (UUID('a00721b3-2cd2-4937-a2f3-d6e22cd508bc'),)
2026-05-28 14:54:09,271 INFO sqlalchemy.engine.Engine SELECT relations.id, relations.tracking_id, relations.schema_id, relations.source_table_id, relations.target_table_id, relations.name, relations.type, relations.description, relations.source_key, relations.target_key, relations.created_at, relations.updated_at 
FROM relations 
WHERE relations.schema_id = $1::UUID ORDER BY relations.created_at DESC
2026-05-28 14:54:09,271 INFO sqlalchemy.engine.Engine [cached since 482.7s ago] (UUID('a00721b3-2cd2-4937-a2f3-d6e22cd508bc'),)
2026-05-28 14:54:09,283 INFO sqlalchemy.engine.Engine SELECT fields.id, fields.tracking_id, fields.table_id, fields.name, fields.display_name, fields.type, fields.description, fields.required, fields."unique", fields.indexed, fields.config, fields."order", fields.created_at, fields.updated_at 
FROM fields 
WHERE fields.table_id = $1::UUID ORDER BY fields."order", fields.created_at
2026-05-28 14:54:09,283 INFO sqlalchemy.engine.Engine [generated in 0.00030s] (UUID('b8107ede-6ff2-4df8-8978-ed224180a57a'),)
2026-05-28 14:54:09,296 INFO sqlalchemy.engine.Engine SELECT fields.id, fields.tracking_id, fields.table_id, fields.name, fields.display_name, fields.type, fields.description, fields.required, fields."unique", fields.indexed, fields.config, fields."order", fields.created_at, fields.updated_at 
FROM fields 
WHERE fields.table_id = $1::UUID ORDER BY fields."order", fields.created_at
2026-05-28 14:54:09,297 INFO sqlalchemy.engine.Engine [cached since 0.01384s ago] (UUID('5e182d47-0b71-4fbc-b779-d508a07226c8'),)
2026-05-28 14:54:09,300 INFO sqlalchemy.engine.Engine SELECT fields.id, fields.tracking_id, fields.table_id, fields.name, fields.display_name, fields.type, fields.description, fields.required, fields."unique", fields.indexed, fields.config, fields."order", fields.created_at, fields.updated_at 
FROM fields 
WHERE fields.table_id = $1::UUID ORDER BY fields."order", fields.created_at
2026-05-28 14:54:09,300 INFO sqlalchemy.engine.Engine [cached since 0.01722s ago] (UUID('95b4028d-124b-4a68-8666-c2f900ab37f5'),)
2026-05-28 14:54:09,302 INFO sqlalchemy.engine.Engine SELECT fields.id, fields.tracking_id, fields.table_id, fields.name, fields.display_name, fields.type, fields.description, fields.required, fields."unique", fields.indexed, fields.config, fields."order", fields.created_at, fields.updated_at 
FROM fields 
WHERE fields.table_id = $1::UUID ORDER BY fields."order", fields.created_at
2026-05-28 14:54:09,303 INFO sqlalchemy.engine.Engine [cached since 0.01982s ago] (UUID('2f3a1db3-14d8-4d05-b6cc-58b65e70d422'),)
2026-05-28 14:54:09,304 INFO sqlalchemy.engine.Engine SELECT fields.id, fields.tracking_id, fields.table_id, fields.name, fields.display_name, fields.type, fields.description, fields.required, fields."unique", fields.indexed, fields.config, fields."order", fields.created_at, fields.updated_at 
FROM fields 
WHERE fields.table_id = $1::UUID ORDER BY fields."order", fields.created_at
2026-05-28 14:54:09,305 INFO sqlalchemy.engine.Engine [cached since 0.02181s ago] (UUID('485687fc-a05d-4983-a83b-dd9be09f2c0d'),)
2026-05-28 14:54:09,307 INFO sqlalchemy.engine.Engine SELECT fields.id, fields.tracking_id, fields.table_id, fields.name, fields.display_name, fields.type, fields.description, fields.required, fields."unique", fields.indexed, fields.config, fields."order", fields.created_at, fields.updated_at 
FROM fields 
WHERE fields.table_id = $1::UUID ORDER BY fields."order", fields.created_at
2026-05-28 14:54:09,307 INFO sqlalchemy.engine.Engine [cached since 0.0245s ago] (UUID('91bf4425-09c6-4929-830d-5622cc61935d'),)
2026-05-28 14:54:09,310 INFO sqlalchemy.engine.Engine SELECT fields.id, fields.tracking_id, fields.table_id, fields.name, fields.display_name, fields.type, fields.description, fields.required, fields."unique", fields.indexed, fields.config, fields."order", fields.created_at, fields.updated_at 
FROM fields 
WHERE fields.table_id = $1::UUID ORDER BY fields."order", fields.created_at
2026-05-28 14:54:09,310 INFO sqlalchemy.engine.Engine [cached since 0.02748s ago] (UUID('7dc5c7d2-85a6-4efb-a79c-3febcf32b8b1'),)
2026-05-28 14:54:09,313 INFO sqlalchemy.engine.Engine SELECT fields.id, fields.tracking_id, fields.table_id, fields.name, fields.display_name, fields.type, fields.description, fields.required, fields."unique", fields.indexed, fields.config, fields."order", fields.created_at, fields.updated_at 
FROM fields 
WHERE fields.table_id = $1::UUID ORDER BY fields."order", fields.created_at
2026-05-28 14:54:09,313 INFO sqlalchemy.engine.Engine [cached since 0.02999s ago] (UUID('2f9b51de-dbaf-4d4b-bff5-d1d851a1923a'),)
INFO:     127.0.0.1:46150 - "GET /api/schema/projects/f872f05e-aa3b-4f36-a38e-4a016955b6a4 HTTP/1.1" 200 OK
2026-05-28 14:54:09,316 INFO sqlalchemy.engine.Engine COMMIT
2026-05-28 14:54:10,049 INFO sqlalchemy.engine.Engine BEGIN (implicit)
2026-05-28 14:54:10,050 INFO sqlalchemy.engine.Engine SELECT users.id, users.tracking_id, users.email, users.name, users.surname, users.birth_place, users.birth_date, users.country, users.phone, users.hashed_password, users.role, users.plan, users.company_name, users.company_size, users.is_active, users.is_verified, users.created_at, users.updated_at 
FROM users 
WHERE users.tracking_id = $1::UUID
2026-05-28 14:54:10,050 INFO sqlalchemy.engine.Engine [cached since 483.7s ago] (UUID('8ee353bd-2b09-4b08-bce5-8b0569cc2036'),)
2026-05-28 14:54:10,052 INFO sqlalchemy.engine.Engine BEGIN (implicit)
2026-05-28 14:54:10,052 INFO sqlalchemy.engine.Engine SELECT users.id, users.tracking_id, users.email, users.name, users.surname, users.birth_place, users.birth_date, users.country, users.phone, users.hashed_password, users.role, users.plan, users.company_name, users.company_size, users.is_active, users.is_verified, users.created_at, users.updated_at 
FROM users 
WHERE users.tracking_id = $1::UUID
2026-05-28 14:54:10,053 INFO sqlalchemy.engine.Engine [cached since 483.7s ago] (UUID('8ee353bd-2b09-4b08-bce5-8b0569cc2036'),)
2026-05-28 14:54:10,057 INFO sqlalchemy.engine.Engine SELECT workflows.id, workflows.tracking_id, workflows.project_id, workflows.nom, workflows.description, workflows.actif, workflows.created_at, workflows.updated_at 
FROM workflows 
WHERE workflows.project_id = $1::UUID ORDER BY workflows.created_at DESC
2026-05-28 14:54:10,057 INFO sqlalchemy.engine.Engine [cached since 0.935s ago] (UUID('f872f05e-aa3b-4f36-a38e-4a016955b6a4'),)
2026-05-28 14:54:10,062 INFO sqlalchemy.engine.Engine SELECT projects.id, projects.tracking_id, projects.name, projects.description, projects.slug, projects.status, projects.is_public, projects.config, projects.owner_id, projects.created_at, projects.updated_at 
FROM projects 
WHERE projects.tracking_id = $1::UUID
2026-05-28 14:54:10,062 INFO sqlalchemy.engine.Engine [cached since 483.6s ago] (UUID('f872f05e-aa3b-4f36-a38e-4a016955b6a4'),)
INFO:     127.0.0.1:46146 - "GET /api/workflows/f872f05e-aa3b-4f36-a38e-4a016955b6a4 HTTP/1.1" 200 OK
2026-05-28 14:54:10,064 INFO sqlalchemy.engine.Engine COMMIT
2026-05-28 14:54:10,068 INFO sqlalchemy.engine.Engine SELECT schemas.id, schemas.tracking_id, schemas.project_id, schemas.created_at, schemas.updated_at 
FROM schemas 
WHERE schemas.project_id = $1::UUID
2026-05-28 14:54:10,068 INFO sqlalchemy.engine.Engine [cached since 483.6s ago] (UUID('f872f05e-aa3b-4f36-a38e-4a016955b6a4'),)
2026-05-28 14:54:10,070 INFO sqlalchemy.engine.Engine SELECT tables_schema.id, tables_schema.tracking_id, tables_schema.schema_id, tables_schema.name, tables_schema.display_name, tables_schema.description, tables_schema.icon, tables_schema.created_at, tables_schema.updated_at 
FROM tables_schema 
WHERE tables_schema.schema_id = $1::UUID ORDER BY tables_schema.created_at DESC
2026-05-28 14:54:10,070 INFO sqlalchemy.engine.Engine [cached since 483.6s ago] (UUID('a00721b3-2cd2-4937-a2f3-d6e22cd508bc'),)
2026-05-28 14:54:10,073 INFO sqlalchemy.engine.Engine SELECT relations.id, relations.tracking_id, relations.schema_id, relations.source_table_id, relations.target_table_id, relations.name, relations.type, relations.description, relations.source_key, relations.target_key, relations.created_at, relations.updated_at 
FROM relations 
WHERE relations.schema_id = $1::UUID ORDER BY relations.created_at DESC
2026-05-28 14:54:10,073 INFO sqlalchemy.engine.Engine [cached since 483.5s ago] (UUID('a00721b3-2cd2-4937-a2f3-d6e22cd508bc'),)
2026-05-28 14:54:10,075 INFO sqlalchemy.engine.Engine SELECT fields.id, fields.tracking_id, fields.table_id, fields.name, fields.display_name, fields.type, fields.description, fields.required, fields."unique", fields.indexed, fields.config, fields."order", fields.created_at, fields.updated_at 
FROM fields 
WHERE fields.table_id = $1::UUID ORDER BY fields."order", fields.created_at
2026-05-28 14:54:10,076 INFO sqlalchemy.engine.Engine [cached since 0.7928s ago] (UUID('b8107ede-6ff2-4df8-8978-ed224180a57a'),)
2026-05-28 14:54:10,079 INFO sqlalchemy.engine.Engine SELECT fields.id, fields.tracking_id, fields.table_id, fields.name, fields.display_name, fields.type, fields.description, fields.required, fields."unique", fields.indexed, fields.config, fields."order", fields.created_at, fields.updated_at 
FROM fields 
WHERE fields.table_id = $1::UUID ORDER BY fields."order", fields.created_at
2026-05-28 14:54:10,079 INFO sqlalchemy.engine.Engine [cached since 0.7965s ago] (UUID('5e182d47-0b71-4fbc-b779-d508a07226c8'),)
2026-05-28 14:54:10,083 INFO sqlalchemy.engine.Engine SELECT fields.id, fields.tracking_id, fields.table_id, fields.name, fields.display_name, fields.type, fields.description, fields.required, fields."unique", fields.indexed, fields.config, fields."order", fields.created_at, fields.updated_at 
FROM fields 
WHERE fields.table_id = $1::UUID ORDER BY fields."order", fields.created_at
2026-05-28 14:54:10,083 INFO sqlalchemy.engine.Engine [cached since 0.8s ago] (UUID('95b4028d-124b-4a68-8666-c2f900ab37f5'),)
2026-05-28 14:54:10,086 INFO sqlalchemy.engine.Engine SELECT fields.id, fields.tracking_id, fields.table_id, fields.name, fields.display_name, fields.type, fields.description, fields.required, fields."unique", fields.indexed, fields.config, fields."order", fields.created_at, fields.updated_at 
FROM fields 
WHERE fields.table_id = $1::UUID ORDER BY fields."order", fields.created_at
2026-05-28 14:54:10,087 INFO sqlalchemy.engine.Engine [cached since 0.804s ago] (UUID('2f3a1db3-14d8-4d05-b6cc-58b65e70d422'),)
2026-05-28 14:54:10,090 INFO sqlalchemy.engine.Engine SELECT fields.id, fields.tracking_id, fields.table_id, fields.name, fields.display_name, fields.type, fields.description, fields.required, fields."unique", fields.indexed, fields.config, fields."order", fields.created_at, fields.updated_at 
FROM fields 
WHERE fields.table_id = $1::UUID ORDER BY fields."order", fields.created_at
2026-05-28 14:54:10,090 INFO sqlalchemy.engine.Engine [cached since 0.8072s ago] (UUID('485687fc-a05d-4983-a83b-dd9be09f2c0d'),)
2026-05-28 14:54:10,093 INFO sqlalchemy.engine.Engine SELECT fields.id, fields.tracking_id, fields.table_id, fields.name, fields.display_name, fields.type, fields.description, fields.required, fields."unique", fields.indexed, fields.config, fields."order", fields.created_at, fields.updated_at 
FROM fields 
WHERE fields.table_id = $1::UUID ORDER BY fields."order", fields.created_at
2026-05-28 14:54:10,093 INFO sqlalchemy.engine.Engine [cached since 0.81s ago] (UUID('91bf4425-09c6-4929-830d-5622cc61935d'),)
2026-05-28 14:54:10,096 INFO sqlalchemy.engine.Engine SELECT fields.id, fields.tracking_id, fields.table_id, fields.name, fields.display_name, fields.type, fields.description, fields.required, fields."unique", fields.indexed, fields.config, fields."order", fields.created_at, fields.updated_at 
FROM fields 
WHERE fields.table_id = $1::UUID ORDER BY fields."order", fields.created_at
2026-05-28 14:54:10,096 INFO sqlalchemy.engine.Engine [cached since 0.8131s ago] (UUID('7dc5c7d2-85a6-4efb-a79c-3febcf32b8b1'),)
2026-05-28 14:54:10,101 INFO sqlalchemy.engine.Engine SELECT fields.id, fields.tracking_id, fields.table_id, fields.name, fields.display_name, fields.type, fields.description, fields.required, fields."unique", fields.indexed, fields.config, fields."order", fields.created_at, fields.updated_at 
FROM fields 
WHERE fields.table_id = $1::UUID ORDER BY fields."order", fields.created_at
2026-05-28 14:54:10,102 INFO sqlalchemy.engine.Engine [cached since 0.8188s ago] (UUID('2f9b51de-dbaf-4d4b-bff5-d1d851a1923a'),)
INFO:     127.0.0.1:46150 - "GET /api/schema/projects/f872f05e-aa3b-4f36-a38e-4a016955b6a4 HTTP/1.1" 200 OK
2026-05-28 14:54:10,104 INFO sqlalchemy.engine.Engine COMMIT
2026-05-28 14:54:11,635 INFO sqlalchemy.engine.Engine BEGIN (implicit)
2026-05-28 14:54:11,636 INFO sqlalchemy.engine.Engine SELECT users.id, users.tracking_id, users.email, users.name, users.surname, users.birth_place, users.birth_date, users.country, users.phone, users.hashed_password, users.role, users.plan, users.company_name, users.company_size, users.is_active, users.is_verified, users.created_at, users.updated_at 
FROM users 
WHERE users.tracking_id = $1::UUID
2026-05-28 14:54:11,636 INFO sqlalchemy.engine.Engine [cached since 485.3s ago] (UUID('8ee353bd-2b09-4b08-bce5-8b0569cc2036'),)
2026-05-28 14:54:11,638 INFO sqlalchemy.engine.Engine BEGIN (implicit)
2026-05-28 14:54:11,639 INFO sqlalchemy.engine.Engine SELECT users.id, users.tracking_id, users.email, users.name, users.surname, users.birth_place, users.birth_date, users.country, users.phone, users.hashed_password, users.role, users.plan, users.company_name, users.company_size, users.is_active, users.is_verified, users.created_at, users.updated_at 
FROM users 
WHERE users.tracking_id = $1::UUID
2026-05-28 14:54:11,639 INFO sqlalchemy.engine.Engine [cached since 485.3s ago] (UUID('8ee353bd-2b09-4b08-bce5-8b0569cc2036'),)
2026-05-28 14:54:11,643 INFO sqlalchemy.engine.Engine SELECT workflows.id, workflows.tracking_id, workflows.project_id, workflows.nom, workflows.description, workflows.actif, workflows.created_at, workflows.updated_at 
FROM workflows 
WHERE workflows.project_id = $1::UUID ORDER BY workflows.created_at DESC
2026-05-28 14:54:11,643 INFO sqlalchemy.engine.Engine [cached since 2.521s ago] (UUID('f872f05e-aa3b-4f36-a38e-4a016955b6a4'),)
2026-05-28 14:54:11,645 INFO sqlalchemy.engine.Engine SELECT projects.id, projects.tracking_id, projects.name, projects.description, projects.slug, projects.status, projects.is_public, projects.config, projects.owner_id, projects.created_at, projects.updated_at 
FROM projects 
WHERE projects.tracking_id = $1::UUID
2026-05-28 14:54:11,645 INFO sqlalchemy.engine.Engine [cached since 485.2s ago] (UUID('f872f05e-aa3b-4f36-a38e-4a016955b6a4'),)
INFO:     127.0.0.1:46146 - "GET /api/workflows/f872f05e-aa3b-4f36-a38e-4a016955b6a4 HTTP/1.1" 200 OK
2026-05-28 14:54:11,647 INFO sqlalchemy.engine.Engine COMMIT
2026-05-28 14:54:11,649 INFO sqlalchemy.engine.Engine SELECT schemas.id, schemas.tracking_id, schemas.project_id, schemas.created_at, schemas.updated_at 
FROM schemas 
WHERE schemas.project_id = $1::UUID
2026-05-28 14:54:11,649 INFO sqlalchemy.engine.Engine [cached since 485.1s ago] (UUID('f872f05e-aa3b-4f36-a38e-4a016955b6a4'),)
2026-05-28 14:54:11,651 INFO sqlalchemy.engine.Engine SELECT tables_schema.id, tables_schema.tracking_id, tables_schema.schema_id, tables_schema.name, tables_schema.display_name, tables_schema.description, tables_schema.icon, tables_schema.created_at, tables_schema.updated_at 
FROM tables_schema 
WHERE tables_schema.schema_id = $1::UUID ORDER BY tables_schema.created_at DESC
2026-05-28 14:54:11,652 INFO sqlalchemy.engine.Engine [cached since 485.1s ago] (UUID('a00721b3-2cd2-4937-a2f3-d6e22cd508bc'),)
2026-05-28 14:54:11,653 INFO sqlalchemy.engine.Engine SELECT relations.id, relations.tracking_id, relations.schema_id, relations.source_table_id, relations.target_table_id, relations.name, relations.type, relations.description, relations.source_key, relations.target_key, relations.created_at, relations.updated_at 
FROM relations 
WHERE relations.schema_id = $1::UUID ORDER BY relations.created_at DESC
2026-05-28 14:54:11,654 INFO sqlalchemy.engine.Engine [cached since 485.1s ago] (UUID('a00721b3-2cd2-4937-a2f3-d6e22cd508bc'),)
2026-05-28 14:54:11,655 INFO sqlalchemy.engine.Engine SELECT fields.id, fields.tracking_id, fields.table_id, fields.name, fields.display_name, fields.type, fields.description, fields.required, fields."unique", fields.indexed, fields.config, fields."order", fields.created_at, fields.updated_at 
FROM fields 
WHERE fields.table_id = $1::UUID ORDER BY fields."order", fields.created_at
2026-05-28 14:54:11,656 INFO sqlalchemy.engine.Engine [cached since 2.373s ago] (UUID('b8107ede-6ff2-4df8-8978-ed224180a57a'),)
2026-05-28 14:54:11,658 INFO sqlalchemy.engine.Engine SELECT fields.id, fields.tracking_id, fields.table_id, fields.name, fields.display_name, fields.type, fields.description, fields.required, fields."unique", fields.indexed, fields.config, fields."order", fields.created_at, fields.updated_at 
FROM fields 
WHERE fields.table_id = $1::UUID ORDER BY fields."order", fields.created_at
2026-05-28 14:54:11,659 INFO sqlalchemy.engine.Engine [cached since 2.376s ago] (UUID('5e182d47-0b71-4fbc-b779-d508a07226c8'),)
2026-05-28 14:54:11,664 INFO sqlalchemy.engine.Engine SELECT fields.id, fields.tracking_id, fields.table_id, fields.name, fields.display_name, fields.type, fields.description, fields.required, fields."unique", fields.indexed, fields.config, fields."order", fields.created_at, fields.updated_at 
FROM fields 
WHERE fields.table_id = $1::UUID ORDER BY fields."order", fields.created_at
2026-05-28 14:54:11,664 INFO sqlalchemy.engine.Engine [cached since 2.381s ago] (UUID('95b4028d-124b-4a68-8666-c2f900ab37f5'),)
2026-05-28 14:54:11,667 INFO sqlalchemy.engine.Engine SELECT fields.id, fields.tracking_id, fields.table_id, fields.name, fields.display_name, fields.type, fields.description, fields.required, fields."unique", fields.indexed, fields.config, fields."order", fields.created_at, fields.updated_at 
FROM fields 
WHERE fields.table_id = $1::UUID ORDER BY fields."order", fields.created_at
2026-05-28 14:54:11,667 INFO sqlalchemy.engine.Engine [cached since 2.385s ago] (UUID('2f3a1db3-14d8-4d05-b6cc-58b65e70d422'),)
2026-05-28 14:54:11,671 INFO sqlalchemy.engine.Engine SELECT fields.id, fields.tracking_id, fields.table_id, fields.name, fields.display_name, fields.type, fields.description, fields.required, fields."unique", fields.indexed, fields.config, fields."order", fields.created_at, fields.updated_at 
FROM fields 
WHERE fields.table_id = $1::UUID ORDER BY fields."order", fields.created_at
2026-05-28 14:54:11,671 INFO sqlalchemy.engine.Engine [cached since 2.388s ago] (UUID('485687fc-a05d-4983-a83b-dd9be09f2c0d'),)
2026-05-28 14:54:11,673 INFO sqlalchemy.engine.Engine SELECT fields.id, fields.tracking_id, fields.table_id, fields.name, fields.display_name, fields.type, fields.description, fields.required, fields."unique", fields.indexed, fields.config, fields."order", fields.created_at, fields.updated_at 
FROM fields 
WHERE fields.table_id = $1::UUID ORDER BY fields."order", fields.created_at
2026-05-28 14:54:11,673 INFO sqlalchemy.engine.Engine [cached since 2.391s ago] (UUID('91bf4425-09c6-4929-830d-5622cc61935d'),)
2026-05-28 14:54:11,676 INFO sqlalchemy.engine.Engine SELECT fields.id, fields.tracking_id, fields.table_id, fields.name, fields.display_name, fields.type, fields.description, fields.required, fields."unique", fields.indexed, fields.config, fields."order", fields.created_at, fields.updated_at 
FROM fields 
WHERE fields.table_id = $1::UUID ORDER BY fields."order", fields.created_at
2026-05-28 14:54:11,676 INFO sqlalchemy.engine.Engine [cached since 2.393s ago] (UUID('7dc5c7d2-85a6-4efb-a79c-3febcf32b8b1'),)
2026-05-28 14:54:11,681 INFO sqlalchemy.engine.Engine SELECT fields.id, fields.tracking_id, fields.table_id, fields.name, fields.display_name, fields.type, fields.description, fields.required, fields."unique", fields.indexed, fields.config, fields."order", fields.created_at, fields.updated_at 
FROM fields 
WHERE fields.table_id = $1::UUID ORDER BY fields."order", fields.created_at
2026-05-28 14:54:11,682 INFO sqlalchemy.engine.Engine [cached since 2.399s ago] (UUID('2f9b51de-dbaf-4d4b-bff5-d1d851a1923a'),)
INFO:     127.0.0.1:46150 - "GET /api/schema/projects/f872f05e-aa3b-4f36-a38e-4a016955b6a4 HTTP/1.1" 200 OK
2026-05-28 14:54:11,686 INFO sqlalchemy.engine.Engine COMMIT
INFO:     127.0.0.1:47910 - "OPTIONS /api/interface/pages/b60d8890-ab0f-4431-8cc8-6ae5d9d1ab12 HTTP/1.1" 200 OK
2026-05-28 14:54:21,236 INFO sqlalchemy.engine.Engine BEGIN (implicit)
2026-05-28 14:54:21,236 INFO sqlalchemy.engine.Engine SELECT users.id, users.tracking_id, users.email, users.name, users.surname, users.birth_place, users.birth_date, users.country, users.phone, users.hashed_password, users.role, users.plan, users.company_name, users.company_size, users.is_active, users.is_verified, users.created_at, users.updated_at 
FROM users 
WHERE users.tracking_id = $1::UUID
2026-05-28 14:54:21,236 INFO sqlalchemy.engine.Engine [cached since 494.9s ago] (UUID('8ee353bd-2b09-4b08-bce5-8b0569cc2036'),)
2026-05-28 14:54:21,244 INFO sqlalchemy.engine.Engine SELECT pages.id, pages.tracking_id, pages.interface_id, pages.nom, pages.chemin, pages.type_page, pages.est_accueil, pages.ordre, pages.created_at 
FROM pages 
WHERE pages.tracking_id = $1::UUID
2026-05-28 14:54:21,244 INFO sqlalchemy.engine.Engine [generated in 0.00083s] (UUID('b60d8890-ab0f-4431-8cc8-6ae5d9d1ab12'),)
2026-05-28 14:54:21,248 INFO sqlalchemy.engine.Engine SELECT composants.id AS composants_id, composants.tracking_id AS composants_tracking_id, composants.page_id AS composants_page_id, composants.parent_id AS composants_parent_id, composants.type AS composants_type, composants.position_x AS composants_position_x, composants.position_y AS composants_position_y, composants.largeur AS composants_largeur, composants.hauteur AS composants_hauteur, composants.styles AS composants_styles, composants.config AS composants_config, composants.connecte_a AS composants_connecte_a, composants.ordre AS composants_ordre, composants.created_at AS composants_created_at 
FROM composants 
WHERE $1::UUID = composants.page_id
2026-05-28 14:54:21,249 INFO sqlalchemy.engine.Engine [cached since 463.4s ago] (UUID('b60d8890-ab0f-4431-8cc8-6ae5d9d1ab12'),)
2026-05-28 14:54:21,251 INFO sqlalchemy.engine.Engine SELECT composants.id AS composants_id, composants.tracking_id AS composants_tracking_id, composants.page_id AS composants_page_id, composants.parent_id AS composants_parent_id, composants.type AS composants_type, composants.position_x AS composants_position_x, composants.position_y AS composants_position_y, composants.largeur AS composants_largeur, composants.hauteur AS composants_hauteur, composants.styles AS composants_styles, composants.config AS composants_config, composants.connecte_a AS composants_connecte_a, composants.ordre AS composants_ordre, composants.created_at AS composants_created_at 
FROM composants 
WHERE composants.tracking_id = $1::UUID
2026-05-28 14:54:21,252 INFO sqlalchemy.engine.Engine [cached since 463.4s ago] (None,)
2026-05-28 14:54:21,253 INFO sqlalchemy.engine.Engine SELECT pages.id AS pages_id, pages.tracking_id AS pages_tracking_id, pages.interface_id AS pages_interface_id, pages.nom AS pages_nom, pages.chemin AS pages_chemin, pages.type_page AS pages_type_page, pages.est_accueil AS pages_est_accueil, pages.ordre AS pages_ordre, pages.created_at AS pages_created_at 
FROM pages 
WHERE pages.tracking_id = $1::UUID
2026-05-28 14:54:21,253 INFO sqlalchemy.engine.Engine [cached since 463.4s ago] (UUID('b60d8890-ab0f-4431-8cc8-6ae5d9d1ab12'),)
2026-05-28 14:54:21,254 INFO sqlalchemy.engine.Engine SELECT composants.id AS composants_id, composants.tracking_id AS composants_tracking_id, composants.page_id AS composants_page_id, composants.parent_id AS composants_parent_id, composants.type AS composants_type, composants.position_x AS composants_position_x, composants.position_y AS composants_position_y, composants.largeur AS composants_largeur, composants.hauteur AS composants_hauteur, composants.styles AS composants_styles, composants.config AS composants_config, composants.connecte_a AS composants_connecte_a, composants.ordre AS composants_ordre, composants.created_at AS composants_created_at 
FROM composants 
WHERE $1::UUID = composants.parent_id
2026-05-28 14:54:21,255 INFO sqlalchemy.engine.Engine [cached since 463.4s ago] (UUID('6cede35c-8fcc-4068-a982-6df8829c9189'),)
2026-05-28 14:54:21,256 INFO sqlalchemy.engine.Engine SELECT composants.id AS composants_id, composants.tracking_id AS composants_tracking_id, composants.page_id AS composants_page_id, composants.parent_id AS composants_parent_id, composants.type AS composants_type, composants.position_x AS composants_position_x, composants.position_y AS composants_position_y, composants.largeur AS composants_largeur, composants.hauteur AS composants_hauteur, composants.styles AS composants_styles, composants.config AS composants_config, composants.connecte_a AS composants_connecte_a, composants.ordre AS composants_ordre, composants.created_at AS composants_created_at 
FROM composants 
WHERE $1::UUID = composants.parent_id
2026-05-28 14:54:21,256 INFO sqlalchemy.engine.Engine [cached since 463.4s ago] (UUID('de784423-e752-403a-9258-f857653b2ba0'),)
2026-05-28 14:54:21,258 INFO sqlalchemy.engine.Engine SELECT composants.id AS composants_id, composants.tracking_id AS composants_tracking_id, composants.page_id AS composants_page_id, composants.parent_id AS composants_parent_id, composants.type AS composants_type, composants.position_x AS composants_position_x, composants.position_y AS composants_position_y, composants.largeur AS composants_largeur, composants.hauteur AS composants_hauteur, composants.styles AS composants_styles, composants.config AS composants_config, composants.connecte_a AS composants_connecte_a, composants.ordre AS composants_ordre, composants.created_at AS composants_created_at 
FROM composants 
WHERE $1::UUID = composants.parent_id
2026-05-28 14:54:21,258 INFO sqlalchemy.engine.Engine [cached since 463.4s ago] (UUID('8075949c-0a09-4d76-845c-9b53a632aa47'),)
2026-05-28 14:54:21,261 INFO sqlalchemy.engine.Engine SELECT composants.id AS composants_id, composants.tracking_id AS composants_tracking_id, composants.page_id AS composants_page_id, composants.parent_id AS composants_parent_id, composants.type AS composants_type, composants.position_x AS composants_position_x, composants.position_y AS composants_position_y, composants.largeur AS composants_largeur, composants.hauteur AS composants_hauteur, composants.styles AS composants_styles, composants.config AS composants_config, composants.connecte_a AS composants_connecte_a, composants.ordre AS composants_ordre, composants.created_at AS composants_created_at 
FROM composants 
WHERE $1::UUID = composants.parent_id
2026-05-28 14:54:21,261 INFO sqlalchemy.engine.Engine [cached since 463.4s ago] (UUID('3d026bac-35bb-400d-87f1-323de8c1e2f8'),)
2026-05-28 14:54:21,266 INFO sqlalchemy.engine.Engine SELECT composants.id AS composants_id, composants.tracking_id AS composants_tracking_id, composants.page_id AS composants_page_id, composants.parent_id AS composants_parent_id, composants.type AS composants_type, composants.position_x AS composants_position_x, composants.position_y AS composants_position_y, composants.largeur AS composants_largeur, composants.hauteur AS composants_hauteur, composants.styles AS composants_styles, composants.config AS composants_config, composants.connecte_a AS composants_connecte_a, composants.ordre AS composants_ordre, composants.created_at AS composants_created_at 
FROM composants 
WHERE $1::UUID = composants.parent_id
2026-05-28 14:54:21,267 INFO sqlalchemy.engine.Engine [cached since 463.4s ago] (UUID('d11a8724-ab2b-4d85-804b-e13015a077f9'),)
2026-05-28 14:54:21,270 INFO sqlalchemy.engine.Engine SELECT composants.id AS composants_id, composants.tracking_id AS composants_tracking_id, composants.page_id AS composants_page_id, composants.parent_id AS composants_parent_id, composants.type AS composants_type, composants.position_x AS composants_position_x, composants.position_y AS composants_position_y, composants.largeur AS composants_largeur, composants.hauteur AS composants_hauteur, composants.styles AS composants_styles, composants.config AS composants_config, composants.connecte_a AS composants_connecte_a, composants.ordre AS composants_ordre, composants.created_at AS composants_created_at 
FROM composants 
WHERE $1::UUID = composants.parent_id
2026-05-28 14:54:21,271 INFO sqlalchemy.engine.Engine [cached since 463.4s ago] (UUID('e84bd7ee-ec5e-49ff-819f-077efa4ead17'),)
2026-05-28 14:54:21,272 INFO sqlalchemy.engine.Engine SELECT interfaces.id AS interfaces_id, interfaces.tracking_id AS interfaces_tracking_id, interfaces.project_id AS interfaces_project_id, interfaces.version AS interfaces_version, interfaces.created_at AS interfaces_created_at, interfaces.updated_at AS interfaces_updated_at 
FROM interfaces 
WHERE interfaces.tracking_id = $1::UUID
2026-05-28 14:54:21,272 INFO sqlalchemy.engine.Engine [cached since 463.4s ago] (UUID('992785f9-0b90-4abe-b02f-9ee1152b80c8'),)
2026-05-28 14:54:21,274 INFO sqlalchemy.engine.Engine SELECT pages.id AS pages_id, pages.tracking_id AS pages_tracking_id, pages.interface_id AS pages_interface_id, pages.nom AS pages_nom, pages.chemin AS pages_chemin, pages.type_page AS pages_type_page, pages.est_accueil AS pages_est_accueil, pages.ordre AS pages_ordre, pages.created_at AS pages_created_at 
FROM pages 
WHERE pages.tracking_id = $1::UUID
2026-05-28 14:54:21,274 INFO sqlalchemy.engine.Engine [cached since 463.4s ago] (UUID('b60d8890-ab0f-4431-8cc8-6ae5d9d1ab12'),)
2026-05-28 14:54:21,278 INFO sqlalchemy.engine.Engine SELECT pages.id AS pages_id, pages.tracking_id AS pages_tracking_id, pages.interface_id AS pages_interface_id, pages.nom AS pages_nom, pages.chemin AS pages_chemin, pages.type_page AS pages_type_page, pages.est_accueil AS pages_est_accueil, pages.ordre AS pages_ordre, pages.created_at AS pages_created_at 
FROM pages 
WHERE pages.tracking_id = $1::UUID
2026-05-28 14:54:21,278 INFO sqlalchemy.engine.Engine [cached since 463.4s ago] (UUID('b60d8890-ab0f-4431-8cc8-6ae5d9d1ab12'),)
2026-05-28 14:54:21,281 INFO sqlalchemy.engine.Engine SELECT pages.id AS pages_id, pages.tracking_id AS pages_tracking_id, pages.interface_id AS pages_interface_id, pages.nom AS pages_nom, pages.chemin AS pages_chemin, pages.type_page AS pages_type_page, pages.est_accueil AS pages_est_accueil, pages.ordre AS pages_ordre, pages.created_at AS pages_created_at 
FROM pages 
WHERE pages.tracking_id = $1::UUID
2026-05-28 14:54:21,282 INFO sqlalchemy.engine.Engine [cached since 463.4s ago] (UUID('b60d8890-ab0f-4431-8cc8-6ae5d9d1ab12'),)
2026-05-28 14:54:21,284 INFO sqlalchemy.engine.Engine SELECT pages.id AS pages_id, pages.tracking_id AS pages_tracking_id, pages.interface_id AS pages_interface_id, pages.nom AS pages_nom, pages.chemin AS pages_chemin, pages.type_page AS pages_type_page, pages.est_accueil AS pages_est_accueil, pages.ordre AS pages_ordre, pages.created_at AS pages_created_at 
FROM pages 
WHERE pages.tracking_id = $1::UUID
2026-05-28 14:54:21,284 INFO sqlalchemy.engine.Engine [cached since 463.4s ago] (UUID('b60d8890-ab0f-4431-8cc8-6ae5d9d1ab12'),)
2026-05-28 14:54:21,286 INFO sqlalchemy.engine.Engine SELECT pages.id AS pages_id, pages.tracking_id AS pages_tracking_id, pages.interface_id AS pages_interface_id, pages.nom AS pages_nom, pages.chemin AS pages_chemin, pages.type_page AS pages_type_page, pages.est_accueil AS pages_est_accueil, pages.ordre AS pages_ordre, pages.created_at AS pages_created_at 
FROM pages 
WHERE pages.tracking_id = $1::UUID
2026-05-28 14:54:21,286 INFO sqlalchemy.engine.Engine [cached since 463.4s ago] (UUID('b60d8890-ab0f-4431-8cc8-6ae5d9d1ab12'),)
2026-05-28 14:54:21,287 INFO sqlalchemy.engine.Engine SELECT composants.id AS composants_id, composants.tracking_id AS composants_tracking_id, composants.page_id AS composants_page_id, composants.parent_id AS composants_parent_id, composants.type AS composants_type, composants.position_x AS composants_position_x, composants.position_y AS composants_position_y, composants.largeur AS composants_largeur, composants.hauteur AS composants_hauteur, composants.styles AS composants_styles, composants.config AS composants_config, composants.connecte_a AS composants_connecte_a, composants.ordre AS composants_ordre, composants.created_at AS composants_created_at 
FROM composants 
WHERE composants.tracking_id = $1::UUID
2026-05-28 14:54:21,288 INFO sqlalchemy.engine.Engine [cached since 463.4s ago] (None,)
2026-05-28 14:54:21,289 INFO sqlalchemy.engine.Engine SELECT composants.id AS composants_id, composants.tracking_id AS composants_tracking_id, composants.page_id AS composants_page_id, composants.parent_id AS composants_parent_id, composants.type AS composants_type, composants.position_x AS composants_position_x, composants.position_y AS composants_position_y, composants.largeur AS composants_largeur, composants.hauteur AS composants_hauteur, composants.styles AS composants_styles, composants.config AS composants_config, composants.connecte_a AS composants_connecte_a, composants.ordre AS composants_ordre, composants.created_at AS composants_created_at 
FROM composants 
WHERE composants.tracking_id = $1::UUID
2026-05-28 14:54:21,289 INFO sqlalchemy.engine.Engine [cached since 463.4s ago] (None,)
2026-05-28 14:54:21,290 INFO sqlalchemy.engine.Engine SELECT composants.id AS composants_id, composants.tracking_id AS composants_tracking_id, composants.page_id AS composants_page_id, composants.parent_id AS composants_parent_id, composants.type AS composants_type, composants.position_x AS composants_position_x, composants.position_y AS composants_position_y, composants.largeur AS composants_largeur, composants.hauteur AS composants_hauteur, composants.styles AS composants_styles, composants.config AS composants_config, composants.connecte_a AS composants_connecte_a, composants.ordre AS composants_ordre, composants.created_at AS composants_created_at 
FROM composants 
WHERE composants.tracking_id = $1::UUID
2026-05-28 14:54:21,290 INFO sqlalchemy.engine.Engine [cached since 463.4s ago] (None,)
2026-05-28 14:54:21,291 INFO sqlalchemy.engine.Engine SELECT composants.id AS composants_id, composants.tracking_id AS composants_tracking_id, composants.page_id AS composants_page_id, composants.parent_id AS composants_parent_id, composants.type AS composants_type, composants.position_x AS composants_position_x, composants.position_y AS composants_position_y, composants.largeur AS composants_largeur, composants.hauteur AS composants_hauteur, composants.styles AS composants_styles, composants.config AS composants_config, composants.connecte_a AS composants_connecte_a, composants.ordre AS composants_ordre, composants.created_at AS composants_created_at 
FROM composants 
WHERE composants.tracking_id = $1::UUID
2026-05-28 14:54:21,292 INFO sqlalchemy.engine.Engine [cached since 463.4s ago] (None,)
2026-05-28 14:54:21,296 INFO sqlalchemy.engine.Engine SELECT composants.id AS composants_id, composants.tracking_id AS composants_tracking_id, composants.page_id AS composants_page_id, composants.parent_id AS composants_parent_id, composants.type AS composants_type, composants.position_x AS composants_position_x, composants.position_y AS composants_position_y, composants.largeur AS composants_largeur, composants.hauteur AS composants_hauteur, composants.styles AS composants_styles, composants.config AS composants_config, composants.connecte_a AS composants_connecte_a, composants.ordre AS composants_ordre, composants.created_at AS composants_created_at 
FROM composants 
WHERE composants.tracking_id = $1::UUID
2026-05-28 14:54:21,296 INFO sqlalchemy.engine.Engine [cached since 463.4s ago] (None,)
2026-05-28 14:54:21,299 INFO sqlalchemy.engine.Engine DELETE FROM composants WHERE composants.id = $1::INTEGER
2026-05-28 14:54:21,300 INFO sqlalchemy.engine.Engine [cached since 463.4s ago] [(131,), (132,), (133,), (134,), (135,), (136,)]
2026-05-28 14:54:21,303 INFO sqlalchemy.engine.Engine DELETE FROM pages WHERE pages.id = $1::INTEGER
2026-05-28 14:54:21,303 INFO sqlalchemy.engine.Engine [cached since 463.4s ago] (68,)
INFO:     127.0.0.1:47910 - "DELETE /api/interface/pages/b60d8890-ab0f-4431-8cc8-6ae5d9d1ab12 HTTP/1.1" 204 No Content
2026-05-28 14:54:21,305 INFO sqlalchemy.engine.Engine COMMIT
2026-05-28 14:57:15,345 INFO sqlalchemy.engine.Engine BEGIN (implicit)
2026-05-28 14:57:15,348 INFO sqlalchemy.engine.Engine SELECT users.id, users.tracking_id, users.email, users.name, users.surname, users.birth_place, users.birth_date, users.country, users.phone, users.hashed_password, users.role, users.plan, users.company_name, users.company_size, users.is_active, users.is_verified, users.created_at, users.updated_at 
FROM users 
WHERE users.tracking_id = $1::UUID
2026-05-28 14:57:15,348 INFO sqlalchemy.engine.Engine [cached since 669s ago] (UUID('8ee353bd-2b09-4b08-bce5-8b0569cc2036'),)
2026-05-28 14:57:15,354 INFO sqlalchemy.engine.Engine BEGIN (implicit)
2026-05-28 14:57:15,354 INFO sqlalchemy.engine.Engine SELECT users.id, users.tracking_id, users.email, users.name, users.surname, users.birth_place, users.birth_date, users.country, users.phone, users.hashed_password, users.role, users.plan, users.company_name, users.company_size, users.is_active, users.is_verified, users.created_at, users.updated_at 
FROM users 
WHERE users.tracking_id = $1::UUID
2026-05-28 14:57:15,354 INFO sqlalchemy.engine.Engine [cached since 669s ago] (UUID('8ee353bd-2b09-4b08-bce5-8b0569cc2036'),)
INFO:     127.0.0.1:36292 - "OPTIONS /api/interface/f872f05e-aa3b-4f36-a38e-4a016955b6a4 HTTP/1.1" 200 OK
INFO:     127.0.0.1:36306 - "OPTIONS /api/projects/ HTTP/1.1" 200 OK
2026-05-28 14:57:15,359 INFO sqlalchemy.engine.Engine SELECT projects.id, projects.tracking_id, projects.name, projects.description, projects.slug, projects.status, projects.is_public, projects.config, projects.owner_id, projects.created_at, projects.updated_at 
FROM projects 
WHERE projects.tracking_id = $1::UUID
2026-05-28 14:57:15,359 INFO sqlalchemy.engine.Engine [cached since 668.9s ago] (UUID('f872f05e-aa3b-4f36-a38e-4a016955b6a4'),)
INFO:     127.0.0.1:36312 - "OPTIONS /api/projects/ HTTP/1.1" 200 OK
2026-05-28 14:57:15,365 INFO sqlalchemy.engine.Engine SELECT schemas.id, schemas.tracking_id, schemas.project_id, schemas.created_at, schemas.updated_at 
FROM schemas 
WHERE schemas.project_id = $1::UUID
2026-05-28 14:57:15,366 INFO sqlalchemy.engine.Engine [cached since 668.9s ago] (UUID('f872f05e-aa3b-4f36-a38e-4a016955b6a4'),)
2026-05-28 14:57:15,368 INFO sqlalchemy.engine.Engine SELECT tables_schema.id, tables_schema.tracking_id, tables_schema.schema_id, tables_schema.name, tables_schema.display_name, tables_schema.description, tables_schema.icon, tables_schema.created_at, tables_schema.updated_at 
FROM tables_schema 
WHERE tables_schema.schema_id = $1::UUID ORDER BY tables_schema.created_at DESC
2026-05-28 14:57:15,368 INFO sqlalchemy.engine.Engine [cached since 668.8s ago] (UUID('a00721b3-2cd2-4937-a2f3-d6e22cd508bc'),)
2026-05-28 14:57:15,371 INFO sqlalchemy.engine.Engine SELECT workflows.id, workflows.tracking_id, workflows.project_id, workflows.nom, workflows.description, workflows.actif, workflows.created_at, workflows.updated_at 
FROM workflows 
WHERE workflows.project_id = $1::UUID ORDER BY workflows.created_at DESC
2026-05-28 14:57:15,371 INFO sqlalchemy.engine.Engine [cached since 186.2s ago] (UUID('f872f05e-aa3b-4f36-a38e-4a016955b6a4'),)
2026-05-28 14:57:15,373 INFO sqlalchemy.engine.Engine SELECT relations.id, relations.tracking_id, relations.schema_id, relations.source_table_id, relations.target_table_id, relations.name, relations.type, relations.description, relations.source_key, relations.target_key, relations.created_at, relations.updated_at 
FROM relations 
WHERE relations.schema_id = $1::UUID ORDER BY relations.created_at DESC
2026-05-28 14:57:15,373 INFO sqlalchemy.engine.Engine [cached since 668.8s ago] (UUID('a00721b3-2cd2-4937-a2f3-d6e22cd508bc'),)
INFO:     127.0.0.1:36286 - "GET /api/workflows/f872f05e-aa3b-4f36-a38e-4a016955b6a4 HTTP/1.1" 200 OK
2026-05-28 14:57:15,375 INFO sqlalchemy.engine.Engine COMMIT
2026-05-28 14:57:15,377 INFO sqlalchemy.engine.Engine SELECT fields.id, fields.tracking_id, fields.table_id, fields.name, fields.display_name, fields.type, fields.description, fields.required, fields."unique", fields.indexed, fields.config, fields."order", fields.created_at, fields.updated_at 
FROM fields 
WHERE fields.table_id = $1::UUID ORDER BY fields."order", fields.created_at
2026-05-28 14:57:15,377 INFO sqlalchemy.engine.Engine [cached since 186.1s ago] (UUID('b8107ede-6ff2-4df8-8978-ed224180a57a'),)
2026-05-28 14:57:15,381 INFO sqlalchemy.engine.Engine SELECT fields.id, fields.tracking_id, fields.table_id, fields.name, fields.display_name, fields.type, fields.description, fields.required, fields."unique", fields.indexed, fields.config, fields."order", fields.created_at, fields.updated_at 
FROM fields 
WHERE fields.table_id = $1::UUID ORDER BY fields."order", fields.created_at
2026-05-28 14:57:15,381 INFO sqlalchemy.engine.Engine [cached since 186.1s ago] (UUID('5e182d47-0b71-4fbc-b779-d508a07226c8'),)
2026-05-28 14:57:15,386 INFO sqlalchemy.engine.Engine SELECT fields.id, fields.tracking_id, fields.table_id, fields.name, fields.display_name, fields.type, fields.description, fields.required, fields."unique", fields.indexed, fields.config, fields."order", fields.created_at, fields.updated_at 
FROM fields 
WHERE fields.table_id = $1::UUID ORDER BY fields."order", fields.created_at
2026-05-28 14:57:15,386 INFO sqlalchemy.engine.Engine [cached since 186.1s ago] (UUID('95b4028d-124b-4a68-8666-c2f900ab37f5'),)
2026-05-28 14:57:15,393 INFO sqlalchemy.engine.Engine SELECT fields.id, fields.tracking_id, fields.table_id, fields.name, fields.display_name, fields.type, fields.description, fields.required, fields."unique", fields.indexed, fields.config, fields."order", fields.created_at, fields.updated_at 
FROM fields 
WHERE fields.table_id = $1::UUID ORDER BY fields."order", fields.created_at
2026-05-28 14:57:15,393 INFO sqlalchemy.engine.Engine [cached since 186.1s ago] (UUID('2f3a1db3-14d8-4d05-b6cc-58b65e70d422'),)
2026-05-28 14:57:15,488 INFO sqlalchemy.engine.Engine SELECT fields.id, fields.tracking_id, fields.table_id, fields.name, fields.display_name, fields.type, fields.description, fields.required, fields."unique", fields.indexed, fields.config, fields."order", fields.created_at, fields.updated_at 
FROM fields 
WHERE fields.table_id = $1::UUID ORDER BY fields."order", fields.created_at
2026-05-28 14:57:15,488 INFO sqlalchemy.engine.Engine [cached since 186.2s ago] (UUID('485687fc-a05d-4983-a83b-dd9be09f2c0d'),)
2026-05-28 14:57:15,489 INFO sqlalchemy.engine.Engine BEGIN (implicit)
2026-05-28 14:57:15,490 INFO sqlalchemy.engine.Engine SELECT users.id, users.tracking_id, users.email, users.name, users.surname, users.birth_place, users.birth_date, users.country, users.phone, users.hashed_password, users.role, users.plan, users.company_name, users.company_size, users.is_active, users.is_verified, users.created_at, users.updated_at 
FROM users 
WHERE users.tracking_id = $1::UUID
2026-05-28 14:57:15,490 INFO sqlalchemy.engine.Engine [cached since 669.1s ago] (UUID('8ee353bd-2b09-4b08-bce5-8b0569cc2036'),)
2026-05-28 14:57:15,490 INFO sqlalchemy.engine.Engine BEGIN (implicit)
2026-05-28 14:57:15,490 INFO sqlalchemy.engine.Engine SELECT users.id, users.tracking_id, users.email, users.name, users.surname, users.birth_place, users.birth_date, users.country, users.phone, users.hashed_password, users.role, users.plan, users.company_name, users.company_size, users.is_active, users.is_verified, users.created_at, users.updated_at 
FROM users 
WHERE users.tracking_id = $1::UUID
2026-05-28 14:57:15,491 INFO sqlalchemy.engine.Engine [cached since 669.1s ago] (UUID('8ee353bd-2b09-4b08-bce5-8b0569cc2036'),)
2026-05-28 14:57:15,492 INFO sqlalchemy.engine.Engine SELECT fields.id, fields.tracking_id, fields.table_id, fields.name, fields.display_name, fields.type, fields.description, fields.required, fields."unique", fields.indexed, fields.config, fields."order", fields.created_at, fields.updated_at 
FROM fields 
WHERE fields.table_id = $1::UUID ORDER BY fields."order", fields.created_at
2026-05-28 14:57:15,492 INFO sqlalchemy.engine.Engine [cached since 186.2s ago] (UUID('91bf4425-09c6-4929-830d-5622cc61935d'),)
2026-05-28 14:57:15,494 INFO sqlalchemy.engine.Engine SELECT fields.id, fields.tracking_id, fields.table_id, fields.name, fields.display_name, fields.type, fields.description, fields.required, fields."unique", fields.indexed, fields.config, fields."order", fields.created_at, fields.updated_at 
FROM fields 
WHERE fields.table_id = $1::UUID ORDER BY fields."order", fields.created_at
2026-05-28 14:57:15,494 INFO sqlalchemy.engine.Engine [cached since 186.2s ago] (UUID('7dc5c7d2-85a6-4efb-a79c-3febcf32b8b1'),)
2026-05-28 14:57:15,496 INFO sqlalchemy.engine.Engine SELECT fields.id, fields.tracking_id, fields.table_id, fields.name, fields.display_name, fields.type, fields.description, fields.required, fields."unique", fields.indexed, fields.config, fields."order", fields.created_at, fields.updated_at 
FROM fields 
WHERE fields.table_id = $1::UUID ORDER BY fields."order", fields.created_at
2026-05-28 14:57:15,496 INFO sqlalchemy.engine.Engine [cached since 186.2s ago] (UUID('2f9b51de-dbaf-4d4b-bff5-d1d851a1923a'),)
INFO:     127.0.0.1:36280 - "GET /api/schema/projects/f872f05e-aa3b-4f36-a38e-4a016955b6a4 HTTP/1.1" 200 OK
2026-05-28 14:57:15,499 INFO sqlalchemy.engine.Engine COMMIT
2026-05-28 14:57:15,523 INFO sqlalchemy.engine.Engine SELECT interfaces.id, interfaces.tracking_id, interfaces.project_id, interfaces.version, interfaces.created_at, interfaces.updated_at 
FROM interfaces 
WHERE interfaces.project_id = $1::UUID
2026-05-28 14:57:15,523 INFO sqlalchemy.engine.Engine [cached since 669s ago] (UUID('f872f05e-aa3b-4f36-a38e-4a016955b6a4'),)
2026-05-28 14:57:15,525 INFO sqlalchemy.engine.Engine SELECT projects.id, projects.tracking_id, projects.name, projects.description, projects.slug, projects.status, projects.is_public, projects.config, projects.owner_id, projects.created_at, projects.updated_at 
FROM projects 
WHERE projects.owner_id = $1::UUID ORDER BY projects.created_at DESC
2026-05-28 14:57:15,525 INFO sqlalchemy.engine.Engine [generated in 0.00025s] (UUID('8ee353bd-2b09-4b08-bce5-8b0569cc2036'),)
2026-05-28 14:57:15,528 INFO sqlalchemy.engine.Engine SELECT pages.id, pages.tracking_id, pages.interface_id, pages.nom, pages.chemin, pages.type_page, pages.est_accueil, pages.ordre, pages.created_at 
FROM pages 
WHERE pages.interface_id = $1::UUID ORDER BY pages.ordre
2026-05-28 14:57:15,528 INFO sqlalchemy.engine.Engine [cached since 637.7s ago] (UUID('992785f9-0b90-4abe-b02f-9ee1152b80c8'),)
INFO:     127.0.0.1:36312 - "GET /api/projects/ HTTP/1.1" 200 OK
2026-05-28 14:57:15,537 INFO sqlalchemy.engine.Engine COMMIT
2026-05-28 14:57:15,541 INFO sqlalchemy.engine.Engine BEGIN (implicit)
2026-05-28 14:57:15,542 INFO sqlalchemy.engine.Engine SELECT users.id, users.tracking_id, users.email, users.name, users.surname, users.birth_place, users.birth_date, users.country, users.phone, users.hashed_password, users.role, users.plan, users.company_name, users.company_size, users.is_active, users.is_verified, users.created_at, users.updated_at 
FROM users 
WHERE users.tracking_id = $1::UUID
2026-05-28 14:57:15,542 INFO sqlalchemy.engine.Engine [cached since 669.2s ago] (UUID('8ee353bd-2b09-4b08-bce5-8b0569cc2036'),)
INFO:     127.0.0.1:36292 - "GET /api/interface/f872f05e-aa3b-4f36-a38e-4a016955b6a4 HTTP/1.1" 200 OK
2026-05-28 14:57:15,545 INFO sqlalchemy.engine.Engine COMMIT
2026-05-28 14:57:15,546 INFO sqlalchemy.engine.Engine SELECT projects.id, projects.tracking_id, projects.name, projects.description, projects.slug, projects.status, projects.is_public, projects.config, projects.owner_id, projects.created_at, projects.updated_at 
FROM projects 
WHERE projects.owner_id = $1::UUID ORDER BY projects.created_at DESC
2026-05-28 14:57:15,546 INFO sqlalchemy.engine.Engine [cached since 0.0214s ago] (UUID('8ee353bd-2b09-4b08-bce5-8b0569cc2036'),)
INFO:     127.0.0.1:36280 - "GET /api/projects/ HTTP/1.1" 200 OK
2026-05-28 14:57:15,550 INFO sqlalchemy.engine.Engine COMMIT
2026-05-28 14:57:15,581 INFO sqlalchemy.engine.Engine BEGIN (implicit)
2026-05-28 14:57:15,582 INFO sqlalchemy.engine.Engine SELECT users.id, users.tracking_id, users.email, users.name, users.surname, users.birth_place, users.birth_date, users.country, users.phone, users.hashed_password, users.role, users.plan, users.company_name, users.company_size, users.is_active, users.is_verified, users.created_at, users.updated_at 
FROM users 
WHERE users.tracking_id = $1::UUID
2026-05-28 14:57:15,582 INFO sqlalchemy.engine.Engine [cached since 669.2s ago] (UUID('8ee353bd-2b09-4b08-bce5-8b0569cc2036'),)
2026-05-28 14:57:15,584 INFO sqlalchemy.engine.Engine BEGIN (implicit)
2026-05-28 14:57:15,585 INFO sqlalchemy.engine.Engine SELECT users.id, users.tracking_id, users.email, users.name, users.surname, users.birth_place, users.birth_date, users.country, users.phone, users.hashed_password, users.role, users.plan, users.company_name, users.company_size, users.is_active, users.is_verified, users.created_at, users.updated_at 
FROM users 
WHERE users.tracking_id = $1::UUID
2026-05-28 14:57:15,585 INFO sqlalchemy.engine.Engine [cached since 669.2s ago] (UUID('8ee353bd-2b09-4b08-bce5-8b0569cc2036'),)
2026-05-28 14:57:15,589 INFO sqlalchemy.engine.Engine SELECT projects.id, projects.tracking_id, projects.name, projects.description, projects.slug, projects.status, projects.is_public, projects.config, projects.owner_id, projects.created_at, projects.updated_at 
FROM projects 
WHERE projects.tracking_id = $1::UUID
2026-05-28 14:57:15,589 INFO sqlalchemy.engine.Engine [cached since 669.1s ago] (UUID('f872f05e-aa3b-4f36-a38e-4a016955b6a4'),)
2026-05-28 14:57:15,590 INFO sqlalchemy.engine.Engine SELECT workflows.id, workflows.tracking_id, workflows.project_id, workflows.nom, workflows.description, workflows.actif, workflows.created_at, workflows.updated_at 
FROM workflows 
WHERE workflows.project_id = $1::UUID ORDER BY workflows.created_at DESC
2026-05-28 14:57:15,591 INFO sqlalchemy.engine.Engine [cached since 186.5s ago] (UUID('f872f05e-aa3b-4f36-a38e-4a016955b6a4'),)
2026-05-28 14:57:15,593 INFO sqlalchemy.engine.Engine SELECT schemas.id, schemas.tracking_id, schemas.project_id, schemas.created_at, schemas.updated_at 
FROM schemas 
WHERE schemas.project_id = $1::UUID
2026-05-28 14:57:15,593 INFO sqlalchemy.engine.Engine [cached since 669.1s ago] (UUID('f872f05e-aa3b-4f36-a38e-4a016955b6a4'),)
2026-05-28 14:57:15,595 INFO sqlalchemy.engine.Engine SELECT tables_schema.id, tables_schema.tracking_id, tables_schema.schema_id, tables_schema.name, tables_schema.display_name, tables_schema.description, tables_schema.icon, tables_schema.created_at, tables_schema.updated_at 
FROM tables_schema 
WHERE tables_schema.schema_id = $1::UUID ORDER BY tables_schema.created_at DESC
2026-05-28 14:57:15,595 INFO sqlalchemy.engine.Engine [cached since 669.1s ago] (UUID('a00721b3-2cd2-4937-a2f3-d6e22cd508bc'),)
INFO:     127.0.0.1:36292 - "GET /api/workflows/f872f05e-aa3b-4f36-a38e-4a016955b6a4 HTTP/1.1" 200 OK
2026-05-28 14:57:15,596 INFO sqlalchemy.engine.Engine COMMIT
2026-05-28 14:57:15,599 INFO sqlalchemy.engine.Engine SELECT relations.id, relations.tracking_id, relations.schema_id, relations.source_table_id, relations.target_table_id, relations.name, relations.type, relations.description, relations.source_key, relations.target_key, relations.created_at, relations.updated_at 
FROM relations 
WHERE relations.schema_id = $1::UUID ORDER BY relations.created_at DESC
2026-05-28 14:57:15,599 INFO sqlalchemy.engine.Engine [cached since 669s ago] (UUID('a00721b3-2cd2-4937-a2f3-d6e22cd508bc'),)
2026-05-28 14:57:15,603 INFO sqlalchemy.engine.Engine SELECT fields.id, fields.tracking_id, fields.table_id, fields.name, fields.display_name, fields.type, fields.description, fields.required, fields."unique", fields.indexed, fields.config, fields."order", fields.created_at, fields.updated_at 
FROM fields 
WHERE fields.table_id = $1::UUID ORDER BY fields."order", fields.created_at
2026-05-28 14:57:15,603 INFO sqlalchemy.engine.Engine [cached since 186.3s ago] (UUID('b8107ede-6ff2-4df8-8978-ed224180a57a'),)
2026-05-28 14:57:15,606 INFO sqlalchemy.engine.Engine SELECT fields.id, fields.tracking_id, fields.table_id, fields.name, fields.display_name, fields.type, fields.description, fields.required, fields."unique", fields.indexed, fields.config, fields."order", fields.created_at, fields.updated_at 
FROM fields 
WHERE fields.table_id = $1::UUID ORDER BY fields."order", fields.created_at
2026-05-28 14:57:15,607 INFO sqlalchemy.engine.Engine [cached since 186.3s ago] (UUID('5e182d47-0b71-4fbc-b779-d508a07226c8'),)
2026-05-28 14:57:15,610 INFO sqlalchemy.engine.Engine SELECT fields.id, fields.tracking_id, fields.table_id, fields.name, fields.display_name, fields.type, fields.description, fields.required, fields."unique", fields.indexed, fields.config, fields."order", fields.created_at, fields.updated_at 
FROM fields 
WHERE fields.table_id = $1::UUID ORDER BY fields."order", fields.created_at
2026-05-28 14:57:15,610 INFO sqlalchemy.engine.Engine [cached since 186.3s ago] (UUID('95b4028d-124b-4a68-8666-c2f900ab37f5'),)
2026-05-28 14:57:15,613 INFO sqlalchemy.engine.Engine SELECT fields.id, fields.tracking_id, fields.table_id, fields.name, fields.display_name, fields.type, fields.description, fields.required, fields."unique", fields.indexed, fields.config, fields."order", fields.created_at, fields.updated_at 
FROM fields 
WHERE fields.table_id = $1::UUID ORDER BY fields."order", fields.created_at
2026-05-28 14:57:15,613 INFO sqlalchemy.engine.Engine [cached since 186.3s ago] (UUID('2f3a1db3-14d8-4d05-b6cc-58b65e70d422'),)
2026-05-28 14:57:15,617 INFO sqlalchemy.engine.Engine SELECT fields.id, fields.tracking_id, fields.table_id, fields.name, fields.display_name, fields.type, fields.description, fields.required, fields."unique", fields.indexed, fields.config, fields."order", fields.created_at, fields.updated_at 
FROM fields 
WHERE fields.table_id = $1::UUID ORDER BY fields."order", fields.created_at
2026-05-28 14:57:15,618 INFO sqlalchemy.engine.Engine [cached since 186.3s ago] (UUID('485687fc-a05d-4983-a83b-dd9be09f2c0d'),)
2026-05-28 14:57:15,620 INFO sqlalchemy.engine.Engine SELECT fields.id, fields.tracking_id, fields.table_id, fields.name, fields.display_name, fields.type, fields.description, fields.required, fields."unique", fields.indexed, fields.config, fields."order", fields.created_at, fields.updated_at 
FROM fields 
WHERE fields.table_id = $1::UUID ORDER BY fields."order", fields.created_at
2026-05-28 14:57:15,620 INFO sqlalchemy.engine.Engine [cached since 186.3s ago] (UUID('91bf4425-09c6-4929-830d-5622cc61935d'),)
2026-05-28 14:57:15,622 INFO sqlalchemy.engine.Engine SELECT fields.id, fields.tracking_id, fields.table_id, fields.name, fields.display_name, fields.type, fields.description, fields.required, fields."unique", fields.indexed, fields.config, fields."order", fields.created_at, fields.updated_at 
FROM fields 
WHERE fields.table_id = $1::UUID ORDER BY fields."order", fields.created_at
2026-05-28 14:57:15,622 INFO sqlalchemy.engine.Engine [cached since 186.3s ago] (UUID('7dc5c7d2-85a6-4efb-a79c-3febcf32b8b1'),)
2026-05-28 14:57:15,624 INFO sqlalchemy.engine.Engine SELECT fields.id, fields.tracking_id, fields.table_id, fields.name, fields.display_name, fields.type, fields.description, fields.required, fields."unique", fields.indexed, fields.config, fields."order", fields.created_at, fields.updated_at 
FROM fields 
WHERE fields.table_id = $1::UUID ORDER BY fields."order", fields.created_at
2026-05-28 14:57:15,624 INFO sqlalchemy.engine.Engine [cached since 186.3s ago] (UUID('2f9b51de-dbaf-4d4b-bff5-d1d851a1923a'),)
INFO:     127.0.0.1:36280 - "GET /api/schema/projects/f872f05e-aa3b-4f36-a38e-4a016955b6a4 HTTP/1.1" 200 OK
2026-05-28 14:57:15,626 INFO sqlalchemy.engine.Engine COMMIT
WARNING:  WatchFiles detected changes in 'app/modules/ai/service.py'. Reloading...
INFO:     Shutting down
INFO:     Waiting for application shutdown.
INFO:     Application shutdown complete.
INFO:     Finished server process [3236677]
INFO:     Started server process [3242945]
INFO:     Waiting for application startup.
INFO:     Application startup complete.
INFO:     127.0.0.1:41120 - "OPTIONS /api/ai/projects/f872f05e-aa3b-4f36-a38e-4a016955b6a4/history HTTP/1.1" 200 OK
INFO:     127.0.0.1:41120 - "GET /api/ai/projects/f872f05e-aa3b-4f36-a38e-4a016955b6a4/history HTTP/1.1" 401 Unauthorized
INFO:     127.0.0.1:41120 - "OPTIONS /api/auth/refresh HTTP/1.1" 200 OK
2026-05-28 15:14:46,502 INFO sqlalchemy.engine.Engine select pg_catalog.version()
2026-05-28 15:14:46,502 INFO sqlalchemy.engine.Engine [raw sql] ()
2026-05-28 15:14:46,507 INFO sqlalchemy.engine.Engine select current_schema()
2026-05-28 15:14:46,516 INFO sqlalchemy.engine.Engine [raw sql] ()
2026-05-28 15:14:46,520 INFO sqlalchemy.engine.Engine show standard_conforming_strings
2026-05-28 15:14:46,522 INFO sqlalchemy.engine.Engine [raw sql] ()
2026-05-28 15:14:46,532 INFO sqlalchemy.engine.Engine BEGIN (implicit)
2026-05-28 15:14:46,672 INFO sqlalchemy.engine.Engine SELECT users.id, users.tracking_id, users.email, users.name, users.surname, users.birth_place, users.birth_date, users.country, users.phone, users.hashed_password, users.role, users.plan, users.company_name, users.company_size, users.is_active, users.is_verified, users.created_at, users.updated_at 
FROM users 
WHERE users.tracking_id = $1::UUID
2026-05-28 15:14:46,673 INFO sqlalchemy.engine.Engine [generated in 0.00034s] (UUID('8ee353bd-2b09-4b08-bce5-8b0569cc2036'),)
INFO:     127.0.0.1:41120 - "POST /api/auth/refresh HTTP/1.1" 200 OK
2026-05-28 15:14:46,693 INFO sqlalchemy.engine.Engine COMMIT
2026-05-28 15:14:46,703 INFO sqlalchemy.engine.Engine BEGIN (implicit)
2026-05-28 15:14:46,703 INFO sqlalchemy.engine.Engine SELECT users.id, users.tracking_id, users.email, users.name, users.surname, users.birth_place, users.birth_date, users.country, users.phone, users.hashed_password, users.role, users.plan, users.company_name, users.company_size, users.is_active, users.is_verified, users.created_at, users.updated_at 
FROM users 
WHERE users.tracking_id = $1::UUID
2026-05-28 15:14:46,704 INFO sqlalchemy.engine.Engine [cached since 0.03128s ago] (UUID('8ee353bd-2b09-4b08-bce5-8b0569cc2036'),)
2026-05-28 15:14:46,827 INFO sqlalchemy.engine.Engine SELECT conversations.id, conversations.tracking_id, conversations.project_id, conversations.title, conversations.created_at, conversations.updated_at 
FROM conversations 
WHERE conversations.project_id = $1::UUID
2026-05-28 15:14:46,827 INFO sqlalchemy.engine.Engine [generated in 0.00030s] (UUID('f872f05e-aa3b-4f36-a38e-4a016955b6a4'),)
2026-05-28 15:14:46,835 INFO sqlalchemy.engine.Engine SELECT conversations.id, conversations.tracking_id, conversations.project_id, conversations.title, conversations.created_at, conversations.updated_at 
FROM conversations 
WHERE conversations.tracking_id = $1::UUID
2026-05-28 15:14:46,836 INFO sqlalchemy.engine.Engine [generated in 0.00029s] (UUID('3a056288-7230-4057-a3e0-ecfddf570b32'),)
2026-05-28 15:14:46,843 INFO sqlalchemy.engine.Engine SELECT conversations_1.id AS conversations_1_id, messages.id AS messages_id, messages.tracking_id AS messages_tracking_id, messages.conversation_id AS messages_conversation_id, messages.role AS messages_role, messages.content AS messages_content, messages.created_at AS messages_created_at 
FROM conversations AS conversations_1 JOIN messages ON conversations_1.tracking_id = messages.conversation_id 
WHERE conversations_1.id IN ($1::INTEGER) ORDER BY messages.created_at ASC
2026-05-28 15:14:46,843 INFO sqlalchemy.engine.Engine [generated in 0.00035s] (7,)
INFO:     127.0.0.1:41120 - "GET /api/ai/projects/f872f05e-aa3b-4f36-a38e-4a016955b6a4/history HTTP/1.1" 200 OK
2026-05-28 15:14:46,865 INFO sqlalchemy.engine.Engine COMMIT
INFO:     127.0.0.1:51148 - "OPTIONS /api/ai/projects/f872f05e-aa3b-4f36-a38e-4a016955b6a4/chat HTTP/1.1" 200 OK
2026-05-28 15:15:31,311 INFO sqlalchemy.engine.Engine BEGIN (implicit)
2026-05-28 15:15:31,313 INFO sqlalchemy.engine.Engine SELECT users.id, users.tracking_id, users.email, users.name, users.surname, users.birth_place, users.birth_date, users.country, users.phone, users.hashed_password, users.role, users.plan, users.company_name, users.company_size, users.is_active, users.is_verified, users.created_at, users.updated_at 
FROM users 
WHERE users.tracking_id = $1::UUID
2026-05-28 15:15:31,313 INFO sqlalchemy.engine.Engine [cached since 44.64s ago] (UUID('8ee353bd-2b09-4b08-bce5-8b0569cc2036'),)
2026-05-28 15:15:31,375 INFO sqlalchemy.engine.Engine SELECT projects.id, projects.tracking_id, projects.name, projects.description, projects.slug, projects.status, projects.is_public, projects.config, projects.owner_id, projects.created_at, projects.updated_at 
FROM projects 
WHERE projects.tracking_id = $1::UUID
2026-05-28 15:15:31,375 INFO sqlalchemy.engine.Engine [generated in 0.00023s] (UUID('f872f05e-aa3b-4f36-a38e-4a016955b6a4'),)
2026-05-28 15:15:31,387 INFO sqlalchemy.engine.Engine SELECT conversations.id, conversations.tracking_id, conversations.project_id, conversations.title, conversations.created_at, conversations.updated_at 
FROM conversations 
WHERE conversations.project_id = $1::UUID
2026-05-28 15:15:31,387 INFO sqlalchemy.engine.Engine [cached since 44.56s ago] (UUID('f872f05e-aa3b-4f36-a38e-4a016955b6a4'),)
2026-05-28 15:15:31,388 INFO sqlalchemy.engine.Engine SELECT conversations.id, conversations.tracking_id, conversations.project_id, conversations.title, conversations.created_at, conversations.updated_at 
FROM conversations 
WHERE conversations.tracking_id = $1::UUID
2026-05-28 15:15:31,388 INFO sqlalchemy.engine.Engine [cached since 44.55s ago] (UUID('3a056288-7230-4057-a3e0-ecfddf570b32'),)
2026-05-28 15:15:31,390 INFO sqlalchemy.engine.Engine SELECT conversations_1.id AS conversations_1_id, messages.id AS messages_id, messages.tracking_id AS messages_tracking_id, messages.conversation_id AS messages_conversation_id, messages.role AS messages_role, messages.content AS messages_content, messages.created_at AS messages_created_at 
FROM conversations AS conversations_1 JOIN messages ON conversations_1.tracking_id = messages.conversation_id 
WHERE conversations_1.id IN ($1::INTEGER) ORDER BY messages.created_at ASC
2026-05-28 15:15:31,390 INFO sqlalchemy.engine.Engine [cached since 44.55s ago] (7,)
2026-05-28 15:15:31,398 INFO sqlalchemy.engine.Engine INSERT INTO messages (tracking_id, conversation_id, role, content) VALUES ($1::UUID, $2::UUID, $3::messagerole, $4::VARCHAR) RETURNING messages.id, messages.created_at
2026-05-28 15:15:31,399 INFO sqlalchemy.engine.Engine [generated in 0.00139s] (UUID('09871f3a-e8b3-495b-bdb6-46f1f27b1947'), UUID('3a056288-7230-4057-a3e0-ecfddf570b32'), 'USER', '\nest ce que tu peux me creer une interface corectement pour ce porjet ')
2026-05-28 15:15:31,403 INFO sqlalchemy.engine.Engine SELECT messages.id, messages.tracking_id, messages.conversation_id, messages.role, messages.content, messages.created_at 
FROM messages 
WHERE messages.id = $1::INTEGER
2026-05-28 15:15:31,403 INFO sqlalchemy.engine.Engine [generated in 0.00022s] (47,)
2026-05-28 15:15:31,406 INFO sqlalchemy.engine.Engine SELECT messages.id, messages.tracking_id, messages.conversation_id, messages.role, messages.content, messages.created_at 
FROM messages 
WHERE messages.conversation_id = $1::UUID ORDER BY messages.created_at ASC 
 LIMIT $2::INTEGER
2026-05-28 15:15:31,406 INFO sqlalchemy.engine.Engine [generated in 0.00021s] (UUID('3a056288-7230-4057-a3e0-ecfddf570b32'), 20)
2026-05-28 15:15:31,410 INFO sqlalchemy.engine.Engine SELECT schemas.id, schemas.tracking_id, schemas.project_id, schemas.created_at, schemas.updated_at 
FROM schemas 
WHERE schemas.project_id = $1::UUID
2026-05-28 15:15:31,410 INFO sqlalchemy.engine.Engine [generated in 0.00057s] (UUID('f872f05e-aa3b-4f36-a38e-4a016955b6a4'),)
2026-05-28 15:15:31,418 INFO sqlalchemy.engine.Engine SELECT tables_schema.id, tables_schema.tracking_id, tables_schema.schema_id, tables_schema.name, tables_schema.display_name, tables_schema.description, tables_schema.icon, tables_schema.created_at, tables_schema.updated_at 
FROM tables_schema 
WHERE tables_schema.schema_id = $1::UUID ORDER BY tables_schema.created_at DESC
2026-05-28 15:15:31,418 INFO sqlalchemy.engine.Engine [generated in 0.00024s] (UUID('a00721b3-2cd2-4937-a2f3-d6e22cd508bc'),)
2026-05-28 15:15:31,423 INFO sqlalchemy.engine.Engine SELECT fields.id, fields.tracking_id, fields.table_id, fields.name, fields.display_name, fields.type, fields.description, fields.required, fields."unique", fields.indexed, fields.config, fields."order", fields.created_at, fields.updated_at 
FROM fields 
WHERE fields.table_id = $1::UUID ORDER BY fields.created_at
2026-05-28 15:15:31,423 INFO sqlalchemy.engine.Engine [generated in 0.00021s] (UUID('b8107ede-6ff2-4df8-8978-ed224180a57a'),)
2026-05-28 15:15:31,435 INFO sqlalchemy.engine.Engine SELECT fields.id, fields.tracking_id, fields.table_id, fields.name, fields.display_name, fields.type, fields.description, fields.required, fields."unique", fields.indexed, fields.config, fields."order", fields.created_at, fields.updated_at 
FROM fields 
WHERE fields.table_id = $1::UUID ORDER BY fields.created_at
2026-05-28 15:15:31,435 INFO sqlalchemy.engine.Engine [cached since 0.01232s ago] (UUID('5e182d47-0b71-4fbc-b779-d508a07226c8'),)
2026-05-28 15:15:31,437 INFO sqlalchemy.engine.Engine SELECT fields.id, fields.tracking_id, fields.table_id, fields.name, fields.display_name, fields.type, fields.description, fields.required, fields."unique", fields.indexed, fields.config, fields."order", fields.created_at, fields.updated_at 
FROM fields 
WHERE fields.table_id = $1::UUID ORDER BY fields.created_at
2026-05-28 15:15:31,437 INFO sqlalchemy.engine.Engine [cached since 0.01409s ago] (UUID('95b4028d-124b-4a68-8666-c2f900ab37f5'),)
2026-05-28 15:15:31,438 INFO sqlalchemy.engine.Engine SELECT fields.id, fields.tracking_id, fields.table_id, fields.name, fields.display_name, fields.type, fields.description, fields.required, fields."unique", fields.indexed, fields.config, fields."order", fields.created_at, fields.updated_at 
FROM fields 
WHERE fields.table_id = $1::UUID ORDER BY fields.created_at
2026-05-28 15:15:31,438 INFO sqlalchemy.engine.Engine [cached since 0.0156s ago] (UUID('2f3a1db3-14d8-4d05-b6cc-58b65e70d422'),)
2026-05-28 15:15:31,440 INFO sqlalchemy.engine.Engine SELECT fields.id, fields.tracking_id, fields.table_id, fields.name, fields.display_name, fields.type, fields.description, fields.required, fields."unique", fields.indexed, fields.config, fields."order", fields.created_at, fields.updated_at 
FROM fields 
WHERE fields.table_id = $1::UUID ORDER BY fields.created_at
2026-05-28 15:15:31,440 INFO sqlalchemy.engine.Engine [cached since 0.01698s ago] (UUID('485687fc-a05d-4983-a83b-dd9be09f2c0d'),)
2026-05-28 15:15:31,441 INFO sqlalchemy.engine.Engine SELECT fields.id, fields.tracking_id, fields.table_id, fields.name, fields.display_name, fields.type, fields.description, fields.required, fields."unique", fields.indexed, fields.config, fields."order", fields.created_at, fields.updated_at 
FROM fields 
WHERE fields.table_id = $1::UUID ORDER BY fields.created_at
2026-05-28 15:15:31,441 INFO sqlalchemy.engine.Engine [cached since 0.01826s ago] (UUID('91bf4425-09c6-4929-830d-5622cc61935d'),)
2026-05-28 15:15:31,445 INFO sqlalchemy.engine.Engine SELECT relations.id, relations.tracking_id, relations.schema_id, relations.source_table_id, relations.target_table_id, relations.name, relations.type, relations.description, relations.source_key, relations.target_key, relations.created_at, relations.updated_at 
FROM relations 
WHERE relations.schema_id = $1::UUID ORDER BY relations.created_at DESC
2026-05-28 15:15:31,445 INFO sqlalchemy.engine.Engine [generated in 0.00028s] (UUID('a00721b3-2cd2-4937-a2f3-d6e22cd508bc'),)
2026-05-28 15:15:31,457 INFO sqlalchemy.engine.Engine SELECT interfaces.id, interfaces.tracking_id, interfaces.project_id, interfaces.version, interfaces.created_at, interfaces.updated_at 
FROM interfaces 
WHERE interfaces.project_id = $1::UUID
2026-05-28 15:15:31,457 INFO sqlalchemy.engine.Engine [generated in 0.00020s] (UUID('f872f05e-aa3b-4f36-a38e-4a016955b6a4'),)
2026-05-28 15:15:31,461 INFO sqlalchemy.engine.Engine SELECT pages.id, pages.tracking_id, pages.interface_id, pages.nom, pages.chemin, pages.type_page, pages.est_accueil, pages.ordre, pages.created_at 
FROM pages 
WHERE pages.interface_id = $1::UUID ORDER BY pages.created_at
2026-05-28 15:15:31,461 INFO sqlalchemy.engine.Engine [generated in 0.00033s] (UUID('992785f9-0b90-4abe-b02f-9ee1152b80c8'),)
2026-05-28 15:15:43,636 INFO sqlalchemy.engine.Engine SELECT projects.id, projects.tracking_id, projects.name, projects.description, projects.slug, projects.status, projects.is_public, projects.config, projects.owner_id, projects.created_at, projects.updated_at 
FROM projects 
WHERE projects.tracking_id = $1::UUID
2026-05-28 15:15:43,636 INFO sqlalchemy.engine.Engine [cached since 12.26s ago] (UUID('f872f05e-aa3b-4f36-a38e-4a016955b6a4'),)
INFO:     127.0.0.1:56868 - "OPTIONS /api/schema/projects/f872f05e-aa3b-4f36-a38e-4a016955b6a4 HTTP/1.1" 200 OK
2026-05-28 15:15:43,716 INFO sqlalchemy.engine.Engine BEGIN (implicit)
2026-05-28 15:15:43,716 INFO sqlalchemy.engine.Engine SELECT users.id, users.tracking_id, users.email, users.name, users.surname, users.birth_place, users.birth_date, users.country, users.phone, users.hashed_password, users.role, users.plan, users.company_name, users.company_size, users.is_active, users.is_verified, users.created_at, users.updated_at 
FROM users 
WHERE users.tracking_id = $1::UUID
2026-05-28 15:15:43,717 INFO sqlalchemy.engine.Engine [cached since 57.04s ago] (UUID('8ee353bd-2b09-4b08-bce5-8b0569cc2036'),)
2026-05-28 15:15:43,734 INFO sqlalchemy.engine.Engine SELECT projects.id, projects.tracking_id, projects.name, projects.description, projects.slug, projects.status, projects.is_public, projects.config, projects.owner_id, projects.created_at, projects.updated_at 
FROM projects 
WHERE projects.tracking_id = $1::UUID
2026-05-28 15:15:43,735 INFO sqlalchemy.engine.Engine [cached since 12.36s ago] (UUID('f872f05e-aa3b-4f36-a38e-4a016955b6a4'),)
2026-05-28 15:15:43,742 INFO sqlalchemy.engine.Engine SELECT schemas.id, schemas.tracking_id, schemas.project_id, schemas.created_at, schemas.updated_at 
FROM schemas 
WHERE schemas.project_id = $1::UUID
2026-05-28 15:15:43,743 INFO sqlalchemy.engine.Engine [cached since 12.33s ago] (UUID('f872f05e-aa3b-4f36-a38e-4a016955b6a4'),)
2026-05-28 15:15:43,749 INFO sqlalchemy.engine.Engine SELECT tables_schema.id, tables_schema.tracking_id, tables_schema.schema_id, tables_schema.name, tables_schema.display_name, tables_schema.description, tables_schema.icon, tables_schema.created_at, tables_schema.updated_at 
FROM tables_schema 
WHERE tables_schema.schema_id = $1::UUID ORDER BY tables_schema.created_at DESC
2026-05-28 15:15:43,749 INFO sqlalchemy.engine.Engine [cached since 12.33s ago] (UUID('a00721b3-2cd2-4937-a2f3-d6e22cd508bc'),)
2026-05-28 15:15:43,751 INFO sqlalchemy.engine.Engine SELECT relations.id, relations.tracking_id, relations.schema_id, relations.source_table_id, relations.target_table_id, relations.name, relations.type, relations.description, relations.source_key, relations.target_key, relations.created_at, relations.updated_at 
FROM relations 
WHERE relations.schema_id = $1::UUID ORDER BY relations.created_at DESC
2026-05-28 15:15:43,751 INFO sqlalchemy.engine.Engine [cached since 12.31s ago] (UUID('a00721b3-2cd2-4937-a2f3-d6e22cd508bc'),)
2026-05-28 15:15:43,759 INFO sqlalchemy.engine.Engine SELECT fields.id, fields.tracking_id, fields.table_id, fields.name, fields.display_name, fields.type, fields.description, fields.required, fields."unique", fields.indexed, fields.config, fields."order", fields.created_at, fields.updated_at 
FROM fields 
WHERE fields.table_id = $1::UUID ORDER BY fields."order", fields.created_at
2026-05-28 15:15:43,759 INFO sqlalchemy.engine.Engine [generated in 0.00028s] (UUID('b8107ede-6ff2-4df8-8978-ed224180a57a'),)
2026-05-28 15:15:43,770 INFO sqlalchemy.engine.Engine SELECT fields.id, fields.tracking_id, fields.table_id, fields.name, fields.display_name, fields.type, fields.description, fields.required, fields."unique", fields.indexed, fields.config, fields."order", fields.created_at, fields.updated_at 
FROM fields 
WHERE fields.table_id = $1::UUID ORDER BY fields."order", fields.created_at
2026-05-28 15:15:43,770 INFO sqlalchemy.engine.Engine [cached since 0.01105s ago] (UUID('5e182d47-0b71-4fbc-b779-d508a07226c8'),)
2026-05-28 15:15:43,771 INFO sqlalchemy.engine.Engine SELECT fields.id, fields.tracking_id, fields.table_id, fields.name, fields.display_name, fields.type, fields.description, fields.required, fields."unique", fields.indexed, fields.config, fields."order", fields.created_at, fields.updated_at 
FROM fields 
WHERE fields.table_id = $1::UUID ORDER BY fields."order", fields.created_at
2026-05-28 15:15:43,771 INFO sqlalchemy.engine.Engine [cached since 0.01272s ago] (UUID('95b4028d-124b-4a68-8666-c2f900ab37f5'),)
2026-05-28 15:15:43,773 INFO sqlalchemy.engine.Engine SELECT fields.id, fields.tracking_id, fields.table_id, fields.name, fields.display_name, fields.type, fields.description, fields.required, fields."unique", fields.indexed, fields.config, fields."order", fields.created_at, fields.updated_at 
FROM fields 
WHERE fields.table_id = $1::UUID ORDER BY fields."order", fields.created_at
2026-05-28 15:15:43,773 INFO sqlalchemy.engine.Engine [cached since 0.01432s ago] (UUID('2f3a1db3-14d8-4d05-b6cc-58b65e70d422'),)
2026-05-28 15:15:43,774 INFO sqlalchemy.engine.Engine SELECT fields.id, fields.tracking_id, fields.table_id, fields.name, fields.display_name, fields.type, fields.description, fields.required, fields."unique", fields.indexed, fields.config, fields."order", fields.created_at, fields.updated_at 
FROM fields 
WHERE fields.table_id = $1::UUID ORDER BY fields."order", fields.created_at
2026-05-28 15:15:43,775 INFO sqlalchemy.engine.Engine [cached since 0.01595s ago] (UUID('485687fc-a05d-4983-a83b-dd9be09f2c0d'),)
2026-05-28 15:15:43,777 INFO sqlalchemy.engine.Engine SELECT fields.id, fields.tracking_id, fields.table_id, fields.name, fields.display_name, fields.type, fields.description, fields.required, fields."unique", fields.indexed, fields.config, fields."order", fields.created_at, fields.updated_at 
FROM fields 
WHERE fields.table_id = $1::UUID ORDER BY fields."order", fields.created_at
2026-05-28 15:15:43,777 INFO sqlalchemy.engine.Engine [cached since 0.01836s ago] (UUID('91bf4425-09c6-4929-830d-5622cc61935d'),)
2026-05-28 15:15:43,780 INFO sqlalchemy.engine.Engine SELECT fields.id, fields.tracking_id, fields.table_id, fields.name, fields.display_name, fields.type, fields.description, fields.required, fields."unique", fields.indexed, fields.config, fields."order", fields.created_at, fields.updated_at 
FROM fields 
WHERE fields.table_id = $1::UUID ORDER BY fields."order", fields.created_at
2026-05-28 15:15:43,780 INFO sqlalchemy.engine.Engine [cached since 0.02171s ago] (UUID('7dc5c7d2-85a6-4efb-a79c-3febcf32b8b1'),)
2026-05-28 15:15:43,783 INFO sqlalchemy.engine.Engine SELECT fields.id, fields.tracking_id, fields.table_id, fields.name, fields.display_name, fields.type, fields.description, fields.required, fields."unique", fields.indexed, fields.config, fields."order", fields.created_at, fields.updated_at 
FROM fields 
WHERE fields.table_id = $1::UUID ORDER BY fields."order", fields.created_at
2026-05-28 15:15:43,783 INFO sqlalchemy.engine.Engine [cached since 0.02465s ago] (UUID('2f9b51de-dbaf-4d4b-bff5-d1d851a1923a'),)
INFO:     127.0.0.1:56868 - "GET /api/schema/projects/f872f05e-aa3b-4f36-a38e-4a016955b6a4 HTTP/1.1" 200 OK
2026-05-28 15:15:43,785 INFO sqlalchemy.engine.Engine COMMIT
2026-05-28 15:15:51,237 INFO sqlalchemy.engine.Engine BEGIN (implicit)
2026-05-28 15:15:51,237 INFO sqlalchemy.engine.Engine SELECT users.id, users.tracking_id, users.email, users.name, users.surname, users.birth_place, users.birth_date, users.country, users.phone, users.hashed_password, users.role, users.plan, users.company_name, users.company_size, users.is_active, users.is_verified, users.created_at, users.updated_at 
FROM users 
WHERE users.tracking_id = $1::UUID
2026-05-28 15:15:51,237 INFO sqlalchemy.engine.Engine [cached since 64.56s ago] (UUID('8ee353bd-2b09-4b08-bce5-8b0569cc2036'),)
INFO:     127.0.0.1:56872 - "OPTIONS /api/workflows/f872f05e-aa3b-4f36-a38e-4a016955b6a4 HTTP/1.1" 200 OK
2026-05-28 15:15:51,241 INFO sqlalchemy.engine.Engine SELECT projects.id, projects.tracking_id, projects.name, projects.description, projects.slug, projects.status, projects.is_public, projects.config, projects.owner_id, projects.created_at, projects.updated_at 
FROM projects 
WHERE projects.tracking_id = $1::UUID
2026-05-28 15:15:51,241 INFO sqlalchemy.engine.Engine [cached since 19.87s ago] (UUID('f872f05e-aa3b-4f36-a38e-4a016955b6a4'),)
2026-05-28 15:15:51,243 INFO sqlalchemy.engine.Engine SELECT schemas.id, schemas.tracking_id, schemas.project_id, schemas.created_at, schemas.updated_at 
FROM schemas 
WHERE schemas.project_id = $1::UUID
2026-05-28 15:15:51,243 INFO sqlalchemy.engine.Engine [cached since 19.83s ago] (UUID('f872f05e-aa3b-4f36-a38e-4a016955b6a4'),)
2026-05-28 15:15:51,246 INFO sqlalchemy.engine.Engine SELECT tables_schema.id, tables_schema.tracking_id, tables_schema.schema_id, tables_schema.name, tables_schema.display_name, tables_schema.description, tables_schema.icon, tables_schema.created_at, tables_schema.updated_at 
FROM tables_schema 
WHERE tables_schema.schema_id = $1::UUID ORDER BY tables_schema.created_at DESC
2026-05-28 15:15:51,246 INFO sqlalchemy.engine.Engine [cached since 19.83s ago] (UUID('a00721b3-2cd2-4937-a2f3-d6e22cd508bc'),)
2026-05-28 15:15:51,251 INFO sqlalchemy.engine.Engine SELECT relations.id, relations.tracking_id, relations.schema_id, relations.source_table_id, relations.target_table_id, relations.name, relations.type, relations.description, relations.source_key, relations.target_key, relations.created_at, relations.updated_at 
FROM relations 
WHERE relations.schema_id = $1::UUID ORDER BY relations.created_at DESC
2026-05-28 15:15:51,251 INFO sqlalchemy.engine.Engine [cached since 19.81s ago] (UUID('a00721b3-2cd2-4937-a2f3-d6e22cd508bc'),)
2026-05-28 15:15:51,253 INFO sqlalchemy.engine.Engine SELECT fields.id, fields.tracking_id, fields.table_id, fields.name, fields.display_name, fields.type, fields.description, fields.required, fields."unique", fields.indexed, fields.config, fields."order", fields.created_at, fields.updated_at 
FROM fields 
WHERE fields.table_id = $1::UUID ORDER BY fields."order", fields.created_at
2026-05-28 15:15:51,254 INFO sqlalchemy.engine.Engine [cached since 7.495s ago] (UUID('b8107ede-6ff2-4df8-8978-ed224180a57a'),)
2026-05-28 15:15:51,257 INFO sqlalchemy.engine.Engine SELECT fields.id, fields.tracking_id, fields.table_id, fields.name, fields.display_name, fields.type, fields.description, fields.required, fields."unique", fields.indexed, fields.config, fields."order", fields.created_at, fields.updated_at 
FROM fields 
WHERE fields.table_id = $1::UUID ORDER BY fields."order", fields.created_at
2026-05-28 15:15:51,257 INFO sqlalchemy.engine.Engine [cached since 7.498s ago] (UUID('5e182d47-0b71-4fbc-b779-d508a07226c8'),)
2026-05-28 15:15:51,260 INFO sqlalchemy.engine.Engine SELECT fields.id, fields.tracking_id, fields.table_id, fields.name, fields.display_name, fields.type, fields.description, fields.required, fields."unique", fields.indexed, fields.config, fields."order", fields.created_at, fields.updated_at 
FROM fields 
WHERE fields.table_id = $1::UUID ORDER BY fields."order", fields.created_at
2026-05-28 15:15:51,260 INFO sqlalchemy.engine.Engine [cached since 7.501s ago] (UUID('95b4028d-124b-4a68-8666-c2f900ab37f5'),)
2026-05-28 15:15:51,263 INFO sqlalchemy.engine.Engine SELECT fields.id, fields.tracking_id, fields.table_id, fields.name, fields.display_name, fields.type, fields.description, fields.required, fields."unique", fields.indexed, fields.config, fields."order", fields.created_at, fields.updated_at 
FROM fields 
WHERE fields.table_id = $1::UUID ORDER BY fields."order", fields.created_at
2026-05-28 15:15:51,263 INFO sqlalchemy.engine.Engine [cached since 7.505s ago] (UUID('2f3a1db3-14d8-4d05-b6cc-58b65e70d422'),)
2026-05-28 15:15:51,266 INFO sqlalchemy.engine.Engine SELECT fields.id, fields.tracking_id, fields.table_id, fields.name, fields.display_name, fields.type, fields.description, fields.required, fields."unique", fields.indexed, fields.config, fields."order", fields.created_at, fields.updated_at 
FROM fields 
WHERE fields.table_id = $1::UUID ORDER BY fields."order", fields.created_at
2026-05-28 15:15:51,267 INFO sqlalchemy.engine.Engine [cached since 7.508s ago] (UUID('485687fc-a05d-4983-a83b-dd9be09f2c0d'),)
2026-05-28 15:15:51,275 INFO sqlalchemy.engine.Engine SELECT fields.id, fields.tracking_id, fields.table_id, fields.name, fields.display_name, fields.type, fields.description, fields.required, fields."unique", fields.indexed, fields.config, fields."order", fields.created_at, fields.updated_at 
FROM fields 
WHERE fields.table_id = $1::UUID ORDER BY fields."order", fields.created_at
2026-05-28 15:15:51,275 INFO sqlalchemy.engine.Engine [cached since 7.516s ago] (UUID('91bf4425-09c6-4929-830d-5622cc61935d'),)
2026-05-28 15:15:51,278 INFO sqlalchemy.engine.Engine SELECT fields.id, fields.tracking_id, fields.table_id, fields.name, fields.display_name, fields.type, fields.description, fields.required, fields."unique", fields.indexed, fields.config, fields."order", fields.created_at, fields.updated_at 
FROM fields 
WHERE fields.table_id = $1::UUID ORDER BY fields."order", fields.created_at
2026-05-28 15:15:51,278 INFO sqlalchemy.engine.Engine [cached since 7.52s ago] (UUID('7dc5c7d2-85a6-4efb-a79c-3febcf32b8b1'),)
2026-05-28 15:15:51,282 INFO sqlalchemy.engine.Engine SELECT fields.id, fields.tracking_id, fields.table_id, fields.name, fields.display_name, fields.type, fields.description, fields.required, fields."unique", fields.indexed, fields.config, fields."order", fields.created_at, fields.updated_at 
FROM fields 
WHERE fields.table_id = $1::UUID ORDER BY fields."order", fields.created_at
2026-05-28 15:15:51,282 INFO sqlalchemy.engine.Engine [cached since 7.524s ago] (UUID('2f9b51de-dbaf-4d4b-bff5-d1d851a1923a'),)
2026-05-28 15:15:51,354 INFO sqlalchemy.engine.Engine BEGIN (implicit)
2026-05-28 15:15:51,355 INFO sqlalchemy.engine.Engine SELECT users.id, users.tracking_id, users.email, users.name, users.surname, users.birth_place, users.birth_date, users.country, users.phone, users.hashed_password, users.role, users.plan, users.company_name, users.company_size, users.is_active, users.is_verified, users.created_at, users.updated_at 
FROM users 
WHERE users.tracking_id = $1::UUID
2026-05-28 15:15:51,355 INFO sqlalchemy.engine.Engine [cached since 64.68s ago] (UUID('8ee353bd-2b09-4b08-bce5-8b0569cc2036'),)
INFO:     127.0.0.1:56870 - "GET /api/schema/projects/f872f05e-aa3b-4f36-a38e-4a016955b6a4 HTTP/1.1" 200 OK
2026-05-28 15:15:51,357 INFO sqlalchemy.engine.Engine COMMIT
2026-05-28 15:15:51,392 INFO sqlalchemy.engine.Engine SELECT workflows.id, workflows.tracking_id, workflows.project_id, workflows.nom, workflows.description, workflows.actif, workflows.created_at, workflows.updated_at 
FROM workflows 
WHERE workflows.project_id = $1::UUID ORDER BY workflows.created_at DESC
2026-05-28 15:15:51,392 INFO sqlalchemy.engine.Engine [generated in 0.00039s] (UUID('f872f05e-aa3b-4f36-a38e-4a016955b6a4'),)
INFO:     127.0.0.1:56872 - "GET /api/workflows/f872f05e-aa3b-4f36-a38e-4a016955b6a4 HTTP/1.1" 200 OK
2026-05-28 15:15:51,397 INFO sqlalchemy.engine.Engine COMMIT
2026-05-28 15:16:54,036 INFO sqlalchemy.engine.Engine SELECT interfaces.id, interfaces.tracking_id, interfaces.project_id, interfaces.version, interfaces.created_at, interfaces.updated_at 
FROM interfaces 
WHERE interfaces.project_id = $1::UUID
2026-05-28 15:16:54,037 INFO sqlalchemy.engine.Engine [cached since 82.58s ago] (UUID('f872f05e-aa3b-4f36-a38e-4a016955b6a4'),)
2026-05-28 15:16:54,040 INFO sqlalchemy.engine.Engine SELECT pages.id, pages.tracking_id, pages.interface_id, pages.nom, pages.chemin, pages.type_page, pages.est_accueil, pages.ordre, pages.created_at 
FROM pages 
WHERE pages.interface_id = $1::UUID ORDER BY pages.ordre
2026-05-28 15:16:54,040 INFO sqlalchemy.engine.Engine [generated in 0.00071s] (UUID('992785f9-0b90-4abe-b02f-9ee1152b80c8'),)
2026-05-28 15:16:54,044 INFO sqlalchemy.engine.Engine SELECT schemas.id, schemas.tracking_id, schemas.project_id, schemas.created_at, schemas.updated_at 
FROM schemas 
WHERE schemas.project_id = $1::UUID
2026-05-28 15:16:54,045 INFO sqlalchemy.engine.Engine [cached since 82.63s ago] (UUID('f872f05e-aa3b-4f36-a38e-4a016955b6a4'),)
2026-05-28 15:16:54,049 INFO sqlalchemy.engine.Engine SELECT tables_schema.id, tables_schema.tracking_id, tables_schema.schema_id, tables_schema.name, tables_schema.display_name, tables_schema.description, tables_schema.icon, tables_schema.created_at, tables_schema.updated_at 
FROM tables_schema 
WHERE tables_schema.schema_id = $1::UUID
2026-05-28 15:16:54,049 INFO sqlalchemy.engine.Engine [generated in 0.00041s] (UUID('a00721b3-2cd2-4937-a2f3-d6e22cd508bc'),)
2026-05-28 15:16:54,054 INFO sqlalchemy.engine.Engine INSERT INTO pages (tracking_id, interface_id, nom, chemin, type_page, est_accueil, ordre) VALUES ($1::UUID, $2::UUID, $3::VARCHAR, $4::VARCHAR, $5::typepage, $6::BOOLEAN, $7::INTEGER) RETURNING pages.id, pages.created_at
2026-05-28 15:16:54,055 INFO sqlalchemy.engine.Engine [generated in 0.00059s] (UUID('439356cf-422d-4a34-8bbb-160e4373ca90'), UUID('992785f9-0b90-4abe-b02f-9ee1152b80c8'), 'Dashboard', '/dashboard', 'desktop', True, 0)
2026-05-28 15:16:54,059 INFO sqlalchemy.engine.Engine SELECT pages.id, pages.tracking_id, pages.interface_id, pages.nom, pages.chemin, pages.type_page, pages.est_accueil, pages.ordre, pages.created_at 
FROM pages 
WHERE pages.id = $1::INTEGER
2026-05-28 15:16:54,059 INFO sqlalchemy.engine.Engine [generated in 0.00032s] (72,)
2026-05-28 15:16:54,065 INFO sqlalchemy.engine.Engine INSERT INTO pages (tracking_id, interface_id, nom, chemin, type_page, est_accueil, ordre) VALUES ($1::UUID, $2::UUID, $3::VARCHAR, $4::VARCHAR, $5::typepage, $6::BOOLEAN, $7::INTEGER) RETURNING pages.id, pages.created_at
2026-05-28 15:16:54,065 INFO sqlalchemy.engine.Engine [cached since 0.01134s ago] (UUID('37e620a4-d018-4b0e-bc60-d87853bcba3d'), UUID('992785f9-0b90-4abe-b02f-9ee1152b80c8'), 'Clients', '/clients', 'desktop', False, 1)
2026-05-28 15:16:54,070 INFO sqlalchemy.engine.Engine INSERT INTO composants (tracking_id, page_id, parent_id, type, position_x, position_y, largeur, hauteur, styles, config, connecte_a, ordre) SELECT p0::UUID, p1::UUID, p2::UUID, p3::typecomposant, p4::INTEGER, p5::INTEGER, p6::VARCHAR, p7::VARCHAR, p8 ... 1599 characters truncated ... counter) ORDER BY sen_counter RETURNING composants.id, composants.created_at, composants.id AS id__1
2026-05-28 15:16:54,070 INFO sqlalchemy.engine.Engine [generated in 0.00044s (insertmanyvalues) 1/1 (ordered)] (UUID('c0938aa4-7642-4b61-9dfd-326d88b8cd45'), UUID('439356cf-422d-4a34-8bbb-160e4373ca90'), None, 'CONTENEUR', 0, 0, '100%', 'auto', '{"display": "grid", "gridTemplateColumns": "repeat(4, 1fr)", "gap": "15px", "padding": "20px"}', '{"uiType": "container", "props": {"label": "Statistiques Cl\\u00e9s"}}', None, 0, UUID('1e71c0c2-50c1-4d70-aab1-f98d6d50eca6'), UUID('439356cf-422d-4a34-8bbb-160e4373ca90'), None, 'CARTE', 0, 1, '100%', 'auto', '{"backgroundColor": "#e3f2fd", "padding": "20px", "borderRadius": "8px"}', '{"uiType": "card", "props": {"label": "R\\u00e9parations en cours", "text": "12"}}', UUID('95b4028d-124b-4a68-8666-c2f900ab37f5'), 1, UUID('994acfa5-5f5a-465d-b7eb-9cea609b0f7b'), UUID('439356cf-422d-4a34-8bbb-160e4373ca90'), None, 'CARTE', 0, 2, '100%', 'auto', '{"backgroundColor": "#fff3e0", "padding": "20px", "borderRadius": "8px"}', '{"uiType": "card", "props": {"label": "Factures en attente", "text": "8"}}', UUID('91bf4425-09c6-4929-830d-5622cc61935d'), 2, UUID('635efe88-3b9e-4af5-8755-ddc78fea0117'), UUID('439356cf-422d-4a34-8bbb-160e4373ca90'), None, 'CARTE', 0, 3, '100%', 'auto', '{"backgroundColor": "#ffebee", "padding": "20px", "borderRadius": "8px"}', '{"uiType": "card", "props": {"label": "Stock critique", "text": "5"}}', None, 3, UUID('66916250-199d-4023-a2a9-8ead55da823b'), UUID('439356cf-422d-4a34-8bbb-160e4373ca90') ... 8 parameters truncated ... UUID('91bf4425-09c6-4929-830d-5622cc61935d'), 4, UUID('88ae4eb9-5c36-4ddc-8694-364cccccd902'), UUID('439356cf-422d-4a34-8bbb-160e4373ca90'), None, 'CONTENEUR', 0, 5, '100%', 'auto', '{"display": "grid", "gridTemplateColumns": "2fr 1fr", "gap": "20px", "padding": "20px"}', '{"uiType": "columns", "props": {"label": "Vue Principale"}}', None, 5, UUID('e5081941-5bb5-4197-8815-c81e4398dce9'), UUID('439356cf-422d-4a34-8bbb-160e4373ca90'), None, 'LISTE', 0, 6, '100%', 'auto', '{"padding": "15px", "borderRadius": "8px"}', '{"uiType": "dataList", "props": {"label": "Derni\\u00e8res R\\u00e9parations", "columns": ["V\\u00e9hicule", "Client", "Statut", "Priorit\\u00e9"]}}', UUID('95b4028d-124b-4a68-8666-c2f900ab37f5'), 6, UUID('c95720af-9674-483d-ae70-0f2040eeb10d'), UUID('439356cf-422d-4a34-8bbb-160e4373ca90'), None, 'CONTENEUR', 0, 7, '100%', 'auto', '{"padding": "15px", "borderRadius": "8px"}', '{"uiType": "container", "props": {"label": "Alertes & Performance"}}', None, 7, UUID('e702f091-42cb-4473-a942-45a626246ca8'), UUID('439356cf-422d-4a34-8bbb-160e4373ca90'), None, 'TEXTE', 0, 8, '100%', 'auto', '{"backgroundColor": "#f44336", "color": "white", "padding": "8px", "borderRadius": "4px"}', '{"uiType": "badge", "props": {"label": "Stock Bas", "text": "3 pi\\u00e8ces critiques"}}', None, 8)
2026-05-28 15:16:54,078 INFO sqlalchemy.engine.Engine ROLLBACK
❌ Chat Tool Error: (sqlalchemy.dialects.postgresql.asyncpg.Error) <class 'asyncpg.exceptions.DataError'>: invalid input for query argument $23: UUID('95b4028d-124b-4a68-8666-c2f900ab37... (expected str, got UUID)
[SQL: INSERT INTO composants (tracking_id, page_id, parent_id, type, position_x, position_y, largeur, hauteur, styles, config, connecte_a, ordre) SELECT p0::UUID, p1::UUID, p2::UUID, p3::typecomposant, p4::INTEGER, p5::INTEGER, p6::VARCHAR, p7::VARCHAR, p8 ... 1599 characters truncated ... counter) ORDER BY sen_counter RETURNING composants.id, composants.created_at, composants.id AS id__1]
[parameters: (UUID('c0938aa4-7642-4b61-9dfd-326d88b8cd45'), UUID('439356cf-422d-4a34-8bbb-160e4373ca90'), None, 'CONTENEUR', 0, 0, '100%', 'auto', '{"display": "grid", "gridTemplateColumns": "repeat(4, 1fr)", "gap": "15px", "padding": "20px"}', '{"uiType": "container", "props": {"label": "Statistiques Cl\\u00e9s"}}', None, 0, UUID('1e71c0c2-50c1-4d70-aab1-f98d6d50eca6'), UUID('439356cf-422d-4a34-8bbb-160e4373ca90'), None, 'CARTE', 0, 1, '100%', 'auto', '{"backgroundColor": "#e3f2fd", "padding": "20px", "borderRadius": "8px"}', '{"uiType": "card", "props": {"label": "R\\u00e9parations en cours", "text": "12"}}', UUID('95b4028d-124b-4a68-8666-c2f900ab37f5'), 1, UUID('994acfa5-5f5a-465d-b7eb-9cea609b0f7b'), UUID('439356cf-422d-4a34-8bbb-160e4373ca90'), None, 'CARTE', 0, 2, '100%', 'auto', '{"backgroundColor": "#fff3e0", "padding": "20px", "borderRadius": "8px"}', '{"uiType": "card", "props": {"label": "Factures en attente", "text": "8"}}', UUID('91bf4425-09c6-4929-830d-5622cc61935d'), 2, UUID('635efe88-3b9e-4af5-8755-ddc78fea0117'), UUID('439356cf-422d-4a34-8bbb-160e4373ca90'), None, 'CARTE', 0, 3, '100%', 'auto', '{"backgroundColor": "#ffebee", "padding": "20px", "borderRadius": "8px"}', '{"uiType": "card", "props": {"label": "Stock critique", "text": "5"}}', None, 3, UUID('66916250-199d-4023-a2a9-8ead55da823b'), UUID('439356cf-422d-4a34-8bbb-160e4373ca90') ... 8 parameters truncated ... UUID('91bf4425-09c6-4929-830d-5622cc61935d'), 4, UUID('88ae4eb9-5c36-4ddc-8694-364cccccd902'), UUID('439356cf-422d-4a34-8bbb-160e4373ca90'), None, 'CONTENEUR', 0, 5, '100%', 'auto', '{"display": "grid", "gridTemplateColumns": "2fr 1fr", "gap": "20px", "padding": "20px"}', '{"uiType": "columns", "props": {"label": "Vue Principale"}}', None, 5, UUID('e5081941-5bb5-4197-8815-c81e4398dce9'), UUID('439356cf-422d-4a34-8bbb-160e4373ca90'), None, 'LISTE', 0, 6, '100%', 'auto', '{"padding": "15px", "borderRadius": "8px"}', '{"uiType": "dataList", "props": {"label": "Derni\\u00e8res R\\u00e9parations", "columns": ["V\\u00e9hicule", "Client", "Statut", "Priorit\\u00e9"]}}', UUID('95b4028d-124b-4a68-8666-c2f900ab37f5'), 6, UUID('c95720af-9674-483d-ae70-0f2040eeb10d'), UUID('439356cf-422d-4a34-8bbb-160e4373ca90'), None, 'CONTENEUR', 0, 7, '100%', 'auto', '{"padding": "15px", "borderRadius": "8px"}', '{"uiType": "container", "props": {"label": "Alertes & Performance"}}', None, 7, UUID('e702f091-42cb-4473-a942-45a626246ca8'), UUID('439356cf-422d-4a34-8bbb-160e4373ca90'), None, 'TEXTE', 0, 8, '100%', 'auto', '{"backgroundColor": "#f44336", "color": "white", "padding": "8px", "borderRadius": "4px"}', '{"uiType": "badge", "props": {"label": "Stock Bas", "text": "3 pi\\u00e8ces critiques"}}', None, 8)]
(Background on this error at: https://sqlalche.me/e/20/dbapi)
INFO:     127.0.0.1:51148 - "POST /api/ai/projects/f872f05e-aa3b-4f36-a38e-4a016955b6a4/chat HTTP/1.1" 500 Internal Server Error
WARNING:  WatchFiles detected changes in 'app/modules/ai/service.py'. Reloading...
INFO:     Shutting down
INFO:     Waiting for application shutdown.
INFO:     Application shutdown complete.
INFO:     Finished server process [3242945]
INFO:     Started server process [3251909]
INFO:     Waiting for application startup.
INFO:     Application startup complete.
INFO:     127.0.0.1:37042 - "OPTIONS /api/ai/projects/f872f05e-aa3b-4f36-a38e-4a016955b6a4/chat HTTP/1.1" 200 OK
2026-05-28 15:36:25,344 INFO sqlalchemy.engine.Engine select pg_catalog.version()
2026-05-28 15:36:25,344 INFO sqlalchemy.engine.Engine [raw sql] ()
2026-05-28 15:36:25,347 INFO sqlalchemy.engine.Engine select current_schema()
2026-05-28 15:36:25,347 INFO sqlalchemy.engine.Engine [raw sql] ()
2026-05-28 15:36:25,350 INFO sqlalchemy.engine.Engine show standard_conforming_strings
2026-05-28 15:36:25,350 INFO sqlalchemy.engine.Engine [raw sql] ()
2026-05-28 15:36:25,354 INFO sqlalchemy.engine.Engine BEGIN (implicit)
2026-05-28 15:36:25,427 INFO sqlalchemy.engine.Engine SELECT users.id, users.tracking_id, users.email, users.name, users.surname, users.birth_place, users.birth_date, users.country, users.phone, users.hashed_password, users.role, users.plan, users.company_name, users.company_size, users.is_active, users.is_verified, users.created_at, users.updated_at 
FROM users 
WHERE users.tracking_id = $1::UUID
2026-05-28 15:36:25,427 INFO sqlalchemy.engine.Engine [generated in 0.00031s] (UUID('8ee353bd-2b09-4b08-bce5-8b0569cc2036'),)
2026-05-28 15:36:25,530 INFO sqlalchemy.engine.Engine SELECT projects.id, projects.tracking_id, projects.name, projects.description, projects.slug, projects.status, projects.is_public, projects.config, projects.owner_id, projects.created_at, projects.updated_at 
FROM projects 
WHERE projects.tracking_id = $1::UUID
2026-05-28 15:36:25,530 INFO sqlalchemy.engine.Engine [generated in 0.00033s] (UUID('f872f05e-aa3b-4f36-a38e-4a016955b6a4'),)
2026-05-28 15:36:25,542 INFO sqlalchemy.engine.Engine SELECT conversations.id, conversations.tracking_id, conversations.project_id, conversations.title, conversations.created_at, conversations.updated_at 
FROM conversations 
WHERE conversations.project_id = $1::UUID
2026-05-28 15:36:25,542 INFO sqlalchemy.engine.Engine [generated in 0.00020s] (UUID('f872f05e-aa3b-4f36-a38e-4a016955b6a4'),)
2026-05-28 15:36:25,546 INFO sqlalchemy.engine.Engine SELECT conversations.id, conversations.tracking_id, conversations.project_id, conversations.title, conversations.created_at, conversations.updated_at 
FROM conversations 
WHERE conversations.tracking_id = $1::UUID
2026-05-28 15:36:25,546 INFO sqlalchemy.engine.Engine [generated in 0.00025s] (UUID('3a056288-7230-4057-a3e0-ecfddf570b32'),)
2026-05-28 15:36:25,554 INFO sqlalchemy.engine.Engine SELECT conversations_1.id AS conversations_1_id, messages.id AS messages_id, messages.tracking_id AS messages_tracking_id, messages.conversation_id AS messages_conversation_id, messages.role AS messages_role, messages.content AS messages_content, messages.created_at AS messages_created_at 
FROM conversations AS conversations_1 JOIN messages ON conversations_1.tracking_id = messages.conversation_id 
WHERE conversations_1.id IN ($1::INTEGER) ORDER BY messages.created_at ASC
2026-05-28 15:36:25,554 INFO sqlalchemy.engine.Engine [generated in 0.00031s] (7,)
2026-05-28 15:36:25,566 INFO sqlalchemy.engine.Engine INSERT INTO messages (tracking_id, conversation_id, role, content) VALUES ($1::UUID, $2::UUID, $3::messagerole, $4::VARCHAR) RETURNING messages.id, messages.created_at
2026-05-28 15:36:25,567 INFO sqlalchemy.engine.Engine [generated in 0.00049s] (UUID('e7066e68-b48f-404d-8d77-3aaa7ad7e3ae'), UUID('3a056288-7230-4057-a3e0-ecfddf570b32'), 'USER', 'est ce que tu peux me creer une interface corectement pour ce porjet')
2026-05-28 15:36:25,572 INFO sqlalchemy.engine.Engine SELECT messages.id, messages.tracking_id, messages.conversation_id, messages.role, messages.content, messages.created_at 
FROM messages 
WHERE messages.id = $1::INTEGER
2026-05-28 15:36:25,572 INFO sqlalchemy.engine.Engine [generated in 0.00021s] (48,)
2026-05-28 15:36:25,575 INFO sqlalchemy.engine.Engine SELECT messages.id, messages.tracking_id, messages.conversation_id, messages.role, messages.content, messages.created_at 
FROM messages 
WHERE messages.conversation_id = $1::UUID ORDER BY messages.created_at ASC 
 LIMIT $2::INTEGER
2026-05-28 15:36:25,576 INFO sqlalchemy.engine.Engine [generated in 0.00025s] (UUID('3a056288-7230-4057-a3e0-ecfddf570b32'), 20)
2026-05-28 15:36:25,579 INFO sqlalchemy.engine.Engine SELECT schemas.id, schemas.tracking_id, schemas.project_id, schemas.created_at, schemas.updated_at 
FROM schemas 
WHERE schemas.project_id = $1::UUID
2026-05-28 15:36:25,579 INFO sqlalchemy.engine.Engine [generated in 0.00019s] (UUID('f872f05e-aa3b-4f36-a38e-4a016955b6a4'),)
2026-05-28 15:36:25,584 INFO sqlalchemy.engine.Engine SELECT tables_schema.id, tables_schema.tracking_id, tables_schema.schema_id, tables_schema.name, tables_schema.display_name, tables_schema.description, tables_schema.icon, tables_schema.created_at, tables_schema.updated_at 
FROM tables_schema 
WHERE tables_schema.schema_id = $1::UUID ORDER BY tables_schema.created_at DESC
2026-05-28 15:36:25,584 INFO sqlalchemy.engine.Engine [generated in 0.00040s] (UUID('a00721b3-2cd2-4937-a2f3-d6e22cd508bc'),)
2026-05-28 15:36:25,590 INFO sqlalchemy.engine.Engine SELECT fields.id, fields.tracking_id, fields.table_id, fields.name, fields.display_name, fields.type, fields.description, fields.required, fields."unique", fields.indexed, fields.config, fields."order", fields.created_at, fields.updated_at 
FROM fields 
WHERE fields.table_id = $1::UUID ORDER BY fields.created_at
2026-05-28 15:36:25,590 INFO sqlalchemy.engine.Engine [generated in 0.00027s] (UUID('b8107ede-6ff2-4df8-8978-ed224180a57a'),)
2026-05-28 15:36:25,599 INFO sqlalchemy.engine.Engine SELECT fields.id, fields.tracking_id, fields.table_id, fields.name, fields.display_name, fields.type, fields.description, fields.required, fields."unique", fields.indexed, fields.config, fields."order", fields.created_at, fields.updated_at 
FROM fields 
WHERE fields.table_id = $1::UUID ORDER BY fields.created_at
2026-05-28 15:36:25,599 INFO sqlalchemy.engine.Engine [cached since 0.009123s ago] (UUID('5e182d47-0b71-4fbc-b779-d508a07226c8'),)
2026-05-28 15:36:25,602 INFO sqlalchemy.engine.Engine SELECT fields.id, fields.tracking_id, fields.table_id, fields.name, fields.display_name, fields.type, fields.description, fields.required, fields."unique", fields.indexed, fields.config, fields."order", fields.created_at, fields.updated_at 
FROM fields 
WHERE fields.table_id = $1::UUID ORDER BY fields.created_at
2026-05-28 15:36:25,602 INFO sqlalchemy.engine.Engine [cached since 0.01256s ago] (UUID('95b4028d-124b-4a68-8666-c2f900ab37f5'),)
2026-05-28 15:36:25,604 INFO sqlalchemy.engine.Engine SELECT fields.id, fields.tracking_id, fields.table_id, fields.name, fields.display_name, fields.type, fields.description, fields.required, fields."unique", fields.indexed, fields.config, fields."order", fields.created_at, fields.updated_at 
FROM fields 
WHERE fields.table_id = $1::UUID ORDER BY fields.created_at
2026-05-28 15:36:25,604 INFO sqlalchemy.engine.Engine [cached since 0.01435s ago] (UUID('2f3a1db3-14d8-4d05-b6cc-58b65e70d422'),)
2026-05-28 15:36:25,606 INFO sqlalchemy.engine.Engine SELECT fields.id, fields.tracking_id, fields.table_id, fields.name, fields.display_name, fields.type, fields.description, fields.required, fields."unique", fields.indexed, fields.config, fields."order", fields.created_at, fields.updated_at 
FROM fields 
WHERE fields.table_id = $1::UUID ORDER BY fields.created_at
2026-05-28 15:36:25,606 INFO sqlalchemy.engine.Engine [cached since 0.01579s ago] (UUID('485687fc-a05d-4983-a83b-dd9be09f2c0d'),)
2026-05-28 15:36:25,607 INFO sqlalchemy.engine.Engine SELECT fields.id, fields.tracking_id, fields.table_id, fields.name, fields.display_name, fields.type, fields.description, fields.required, fields."unique", fields.indexed, fields.config, fields."order", fields.created_at, fields.updated_at 
FROM fields 
WHERE fields.table_id = $1::UUID ORDER BY fields.created_at
2026-05-28 15:36:25,607 INFO sqlalchemy.engine.Engine [cached since 0.01728s ago] (UUID('91bf4425-09c6-4929-830d-5622cc61935d'),)
2026-05-28 15:36:25,610 INFO sqlalchemy.engine.Engine SELECT relations.id, relations.tracking_id, relations.schema_id, relations.source_table_id, relations.target_table_id, relations.name, relations.type, relations.description, relations.source_key, relations.target_key, relations.created_at, relations.updated_at 
FROM relations 
WHERE relations.schema_id = $1::UUID ORDER BY relations.created_at DESC
2026-05-28 15:36:25,610 INFO sqlalchemy.engine.Engine [generated in 0.00019s] (UUID('a00721b3-2cd2-4937-a2f3-d6e22cd508bc'),)
2026-05-28 15:36:25,621 INFO sqlalchemy.engine.Engine SELECT interfaces.id, interfaces.tracking_id, interfaces.project_id, interfaces.version, interfaces.created_at, interfaces.updated_at 
FROM interfaces 
WHERE interfaces.project_id = $1::UUID
2026-05-28 15:36:25,621 INFO sqlalchemy.engine.Engine [generated in 0.00022s] (UUID('f872f05e-aa3b-4f36-a38e-4a016955b6a4'),)
2026-05-28 15:36:25,625 INFO sqlalchemy.engine.Engine SELECT pages.id, pages.tracking_id, pages.interface_id, pages.nom, pages.chemin, pages.type_page, pages.est_accueil, pages.ordre, pages.created_at 
FROM pages 
WHERE pages.interface_id = $1::UUID ORDER BY pages.created_at
2026-05-28 15:36:25,625 INFO sqlalchemy.engine.Engine [generated in 0.00026s] (UUID('992785f9-0b90-4abe-b02f-9ee1152b80c8'),)
2026-05-28 15:36:36,770 INFO sqlalchemy.engine.Engine SELECT projects.id, projects.tracking_id, projects.name, projects.description, projects.slug, projects.status, projects.is_public, projects.config, projects.owner_id, projects.created_at, projects.updated_at 
FROM projects 
WHERE projects.tracking_id = $1::UUID
2026-05-28 15:36:36,771 INFO sqlalchemy.engine.Engine [cached since 11.24s ago] (UUID('f872f05e-aa3b-4f36-a38e-4a016955b6a4'),)
WARNING:  WatchFiles detected changes in 'app/modules/ai/prompts.py'. Reloading...
INFO:     Shutting down
INFO:     Waiting for connections to close. (CTRL+C to force quit)
2026-05-28 15:37:35,738 INFO sqlalchemy.engine.Engine SELECT interfaces.id, interfaces.tracking_id, interfaces.project_id, interfaces.version, interfaces.created_at, interfaces.updated_at 
FROM interfaces 
WHERE interfaces.project_id = $1::UUID
2026-05-28 15:37:35,739 INFO sqlalchemy.engine.Engine [cached since 70.12s ago] (UUID('f872f05e-aa3b-4f36-a38e-4a016955b6a4'),)
2026-05-28 15:37:35,743 INFO sqlalchemy.engine.Engine SELECT pages.id, pages.tracking_id, pages.interface_id, pages.nom, pages.chemin, pages.type_page, pages.est_accueil, pages.ordre, pages.created_at 
FROM pages 
WHERE pages.interface_id = $1::UUID ORDER BY pages.ordre
2026-05-28 15:37:35,743 INFO sqlalchemy.engine.Engine [generated in 0.00070s] (UUID('992785f9-0b90-4abe-b02f-9ee1152b80c8'),)
2026-05-28 15:37:35,748 INFO sqlalchemy.engine.Engine SELECT schemas.id, schemas.tracking_id, schemas.project_id, schemas.created_at, schemas.updated_at 
FROM schemas 
WHERE schemas.project_id = $1::UUID
2026-05-28 15:37:35,748 INFO sqlalchemy.engine.Engine [cached since 70.17s ago] (UUID('f872f05e-aa3b-4f36-a38e-4a016955b6a4'),)
2026-05-28 15:37:35,752 INFO sqlalchemy.engine.Engine SELECT tables_schema.id, tables_schema.tracking_id, tables_schema.schema_id, tables_schema.name, tables_schema.display_name, tables_schema.description, tables_schema.icon, tables_schema.created_at, tables_schema.updated_at 
FROM tables_schema 
WHERE tables_schema.schema_id = $1::UUID
2026-05-28 15:37:35,752 INFO sqlalchemy.engine.Engine [generated in 0.00033s] (UUID('a00721b3-2cd2-4937-a2f3-d6e22cd508bc'),)
2026-05-28 15:37:35,757 INFO sqlalchemy.engine.Engine INSERT INTO pages (tracking_id, interface_id, nom, chemin, type_page, est_accueil, ordre) VALUES ($1::UUID, $2::UUID, $3::VARCHAR, $4::VARCHAR, $5::typepage, $6::BOOLEAN, $7::INTEGER) RETURNING pages.id, pages.created_at
2026-05-28 15:37:35,757 INFO sqlalchemy.engine.Engine [generated in 0.00050s] (UUID('56da4c71-bbca-4b80-be3a-ae350549fe26'), UUID('992785f9-0b90-4abe-b02f-9ee1152b80c8'), 'Dashboard', '/dashboard', 'desktop', True, 0)
2026-05-28 15:37:35,764 INFO sqlalchemy.engine.Engine SELECT pages.id, pages.tracking_id, pages.interface_id, pages.nom, pages.chemin, pages.type_page, pages.est_accueil, pages.ordre, pages.created_at 
FROM pages 
WHERE pages.id = $1::INTEGER
2026-05-28 15:37:35,764 INFO sqlalchemy.engine.Engine [generated in 0.00052s] (74,)
2026-05-28 15:37:35,768 INFO sqlalchemy.engine.Engine INSERT INTO pages (tracking_id, interface_id, nom, chemin, type_page, est_accueil, ordre) VALUES ($1::UUID, $2::UUID, $3::VARCHAR, $4::VARCHAR, $5::typepage, $6::BOOLEAN, $7::INTEGER) RETURNING pages.id, pages.created_at
2026-05-28 15:37:35,769 INFO sqlalchemy.engine.Engine [cached since 0.01195s ago] (UUID('5c1bdeac-cd4f-465e-96ac-dc62de21abc3'), UUID('992785f9-0b90-4abe-b02f-9ee1152b80c8'), 'Clients', '/clients', 'desktop', False, 1)
2026-05-28 15:37:35,775 INFO sqlalchemy.engine.Engine INSERT INTO composants (tracking_id, page_id, parent_id, type, position_x, position_y, largeur, hauteur, styles, config, connecte_a, ordre) SELECT p0::UUID, p1::UUID, p2::UUID, p3::typecomposant, p4::INTEGER, p5::INTEGER, p6::VARCHAR, p7::VARCHAR, p8 ... 606 characters truncated ... counter) ORDER BY sen_counter RETURNING composants.id, composants.created_at, composants.id AS id__1
2026-05-28 15:37:35,776 INFO sqlalchemy.engine.Engine [generated in 0.00051s (insertmanyvalues) 1/1 (ordered)] (UUID('1db6dce6-f900-4015-89ad-50c5f2bd6d2b'), UUID('56da4c71-bbca-4b80-be3a-ae350549fe26'), None, 'CONTENEUR', 0, 0, '100%', 'auto', '{"display": "grid", "gridTemplateColumns": "repeat(4, 1fr)", "gap": "16px", "marginBottom": "24px"}', '{"uiType": "container", "props": {}}', None, 0, UUID('a006aaf9-25c3-4960-88b8-78a76b58d882'), UUID('56da4c71-bbca-4b80-be3a-ae350549fe26'), None, 'CARTE', 0, 1, '100%', '300px', '{"marginBottom": "24px", "padding": "16px", "borderRadius": "8px", "border": "1px solid #e5e7eb"}', '{"uiType": "card", "props": {"label": "R\\u00e9parations par mois"}}', 'reparations', 1, UUID('743c67d0-e379-48c0-9697-83f2cf7c669f'), UUID('56da4c71-bbca-4b80-be3a-ae350549fe26'), None, 'CONTENEUR', 0, 2, '100%', 'auto', '{"gap": "16px"}', '{"uiType": "columns", "props": {}}', None, 2)
2026-05-28 15:37:35,789 INFO sqlalchemy.engine.Engine SELECT pages.id, pages.tracking_id, pages.interface_id, pages.nom, pages.chemin, pages.type_page, pages.est_accueil, pages.ordre, pages.created_at 
FROM pages 
WHERE pages.id = $1::INTEGER
2026-05-28 15:37:35,789 INFO sqlalchemy.engine.Engine [cached since 0.02568s ago] (75,)
2026-05-28 15:37:35,792 INFO sqlalchemy.engine.Engine INSERT INTO pages (tracking_id, interface_id, nom, chemin, type_page, est_accueil, ordre) VALUES ($1::UUID, $2::UUID, $3::VARCHAR, $4::VARCHAR, $5::typepage, $6::BOOLEAN, $7::INTEGER) RETURNING pages.id, pages.created_at
2026-05-28 15:37:35,792 INFO sqlalchemy.engine.Engine [cached since 0.03516s ago] (UUID('55389321-bda7-49f2-b0ee-82ab14a84dd2'), UUID('992785f9-0b90-4abe-b02f-9ee1152b80c8'), 'Client Détail', '/clients/:id', 'desktop', False, 2)
2026-05-28 15:37:35,795 INFO sqlalchemy.engine.Engine INSERT INTO composants (tracking_id, page_id, parent_id, type, position_x, position_y, largeur, hauteur, styles, config, connecte_a, ordre) SELECT p0::UUID, p1::UUID, p2::UUID, p3::typecomposant, p4::INTEGER, p5::INTEGER, p6::VARCHAR, p7::VARCHAR, p8 ... 442 characters truncated ... counter) ORDER BY sen_counter RETURNING composants.id, composants.created_at, composants.id AS id__1
2026-05-28 15:37:35,795 INFO sqlalchemy.engine.Engine [cached since 0.0198s ago (insertmanyvalues) 1/1 (ordered)] (UUID('e5cb371e-5f8f-4f77-b17d-c00046e9868b'), UUID('5c1bdeac-cd4f-465e-96ac-dc62de21abc3'), None, 'CONTENEUR', 0, 0, '100%', 'auto', '{"display": "flex", "justifyContent": "space-between", "alignItems": "center", "marginBottom": "16px"}', '{"uiType": "container", "props": {}}', None, 0, UUID('cc35ad95-5c0c-46f2-9cc3-e0f7c37469fb'), UUID('5c1bdeac-cd4f-465e-96ac-dc62de21abc3'), None, 'LISTE', 0, 1, '100%', 'auto', '{"borderRadius": "8px", "border": "1px solid #e5e7eb"}', '{"uiType": "dataList", "props": {"label": "Liste des clients"}}', 'clients', 1)
2026-05-28 15:37:35,800 INFO sqlalchemy.engine.Engine SELECT pages.id, pages.tracking_id, pages.interface_id, pages.nom, pages.chemin, pages.type_page, pages.est_accueil, pages.ordre, pages.created_at 
FROM pages 
WHERE pages.id = $1::INTEGER
2026-05-28 15:37:35,800 INFO sqlalchemy.engine.Engine [cached since 0.03637s ago] (76,)
2026-05-28 15:37:35,802 INFO sqlalchemy.engine.Engine INSERT INTO pages (tracking_id, interface_id, nom, chemin, type_page, est_accueil, ordre) VALUES ($1::UUID, $2::UUID, $3::VARCHAR, $4::VARCHAR, $5::typepage, $6::BOOLEAN, $7::INTEGER) RETURNING pages.id, pages.created_at
2026-05-28 15:37:35,802 INFO sqlalchemy.engine.Engine [cached since 0.04574s ago] (UUID('bb55aadf-f02d-4659-bb51-139e6b6c0628'), UUID('992785f9-0b90-4abe-b02f-9ee1152b80c8'), 'Véhicules', '/vehicules', 'desktop', False, 3)
2026-05-28 15:37:35,804 INFO sqlalchemy.engine.Engine INSERT INTO composants (tracking_id, page_id, parent_id, type, position_x, position_y, largeur, hauteur, styles, config, connecte_a, ordre) SELECT p0::UUID, p1::UUID, p2::UUID, p3::typecomposant, p4::INTEGER, p5::INTEGER, p6::VARCHAR, p7::VARCHAR, p8 ... 442 characters truncated ... counter) ORDER BY sen_counter RETURNING composants.id, composants.created_at, composants.id AS id__1
2026-05-28 15:37:35,804 INFO sqlalchemy.engine.Engine [cached since 0.02939s ago (insertmanyvalues) 1/1 (ordered)] (UUID('5fdc9fff-cc77-473d-bab0-a953361142c8'), UUID('55389321-bda7-49f2-b0ee-82ab14a84dd2'), None, 'CARTE', 0, 0, '100%', 'auto', '{"padding": "20px", "borderRadius": "8px", "border": "1px solid #e5e7eb", "marginBottom": "16px"}', '{"uiType": "card", "props": {"label": "Informations client"}}', 'clients', 0, UUID('f46f3510-e7c8-4802-8bcf-fd1a9aae3328'), UUID('55389321-bda7-49f2-b0ee-82ab14a84dd2'), None, 'CONTENEUR', 0, 1, '100%', 'auto', '{"gap": "16px"}', '{"uiType": "columns", "props": {}}', None, 1)
2026-05-28 15:37:35,807 INFO sqlalchemy.engine.Engine SELECT pages.id, pages.tracking_id, pages.interface_id, pages.nom, pages.chemin, pages.type_page, pages.est_accueil, pages.ordre, pages.created_at 
FROM pages 
WHERE pages.id = $1::INTEGER
2026-05-28 15:37:35,807 INFO sqlalchemy.engine.Engine [cached since 0.04342s ago] (77,)
2026-05-28 15:37:35,810 INFO sqlalchemy.engine.Engine INSERT INTO pages (tracking_id, interface_id, nom, chemin, type_page, est_accueil, ordre) VALUES ($1::UUID, $2::UUID, $3::VARCHAR, $4::VARCHAR, $5::typepage, $6::BOOLEAN, $7::INTEGER) RETURNING pages.id, pages.created_at
2026-05-28 15:37:35,810 INFO sqlalchemy.engine.Engine [cached since 0.05347s ago] (UUID('13eafd0e-2ad7-40e3-82dd-effacb8ac150'), UUID('992785f9-0b90-4abe-b02f-9ee1152b80c8'), 'Véhicule Détail', '/vehicules/:id', 'desktop', False, 4)
2026-05-28 15:37:35,814 INFO sqlalchemy.engine.Engine INSERT INTO composants (tracking_id, page_id, parent_id, type, position_x, position_y, largeur, hauteur, styles, config, connecte_a, ordre) SELECT p0::UUID, p1::UUID, p2::UUID, p3::typecomposant, p4::INTEGER, p5::INTEGER, p6::VARCHAR, p7::VARCHAR, p8 ... 442 characters truncated ... counter) ORDER BY sen_counter RETURNING composants.id, composants.created_at, composants.id AS id__1
2026-05-28 15:37:35,814 INFO sqlalchemy.engine.Engine [cached since 0.03911s ago (insertmanyvalues) 1/1 (ordered)] (UUID('4159f696-c06b-43de-a89a-92344b101f64'), UUID('bb55aadf-f02d-4659-bb51-139e6b6c0628'), None, 'CONTENEUR', 0, 0, '100%', 'auto', '{"display": "flex", "justifyContent": "space-between", "alignItems": "center", "marginBottom": "16px"}', '{"uiType": "container", "props": {}}', None, 0, UUID('63ec2e4a-097b-40a4-ab35-8ba092d12e19'), UUID('bb55aadf-f02d-4659-bb51-139e6b6c0628'), None, 'LISTE', 0, 1, '100%', 'auto', '{"borderRadius": "8px", "border": "1px solid #e5e7eb"}', '{"uiType": "dataList", "props": {"label": "Parc automobile"}}', 'vehicules', 1)
2026-05-28 15:37:35,817 INFO sqlalchemy.engine.Engine SELECT pages.id, pages.tracking_id, pages.interface_id, pages.nom, pages.chemin, pages.type_page, pages.est_accueil, pages.ordre, pages.created_at 
FROM pages 
WHERE pages.id = $1::INTEGER
2026-05-28 15:37:35,817 INFO sqlalchemy.engine.Engine [cached since 0.0532s ago] (78,)
2026-05-28 15:37:35,819 INFO sqlalchemy.engine.Engine INSERT INTO pages (tracking_id, interface_id, nom, chemin, type_page, est_accueil, ordre) VALUES ($1::UUID, $2::UUID, $3::VARCHAR, $4::VARCHAR, $5::typepage, $6::BOOLEAN, $7::INTEGER) RETURNING pages.id, pages.created_at
2026-05-28 15:37:35,819 INFO sqlalchemy.engine.Engine [cached since 0.06235s ago] (UUID('dbe341df-ad35-497f-acd9-fb76038496a9'), UUID('992785f9-0b90-4abe-b02f-9ee1152b80c8'), 'Réparations', '/reparations', 'desktop', False, 5)
2026-05-28 15:37:35,821 INFO sqlalchemy.engine.Engine INSERT INTO composants (tracking_id, page_id, parent_id, type, position_x, position_y, largeur, hauteur, styles, config, connecte_a, ordre) SELECT p0::UUID, p1::UUID, p2::UUID, p3::typecomposant, p4::INTEGER, p5::INTEGER, p6::VARCHAR, p7::VARCHAR, p8 ... 442 characters truncated ... counter) ORDER BY sen_counter RETURNING composants.id, composants.created_at, composants.id AS id__1
2026-05-28 15:37:35,821 INFO sqlalchemy.engine.Engine [cached since 0.04595s ago (insertmanyvalues) 1/1 (ordered)] (UUID('a7dec13e-2f48-4ef2-bcd4-2cd9b2c76f15'), UUID('13eafd0e-2ad7-40e3-82dd-effacb8ac150'), None, 'CARTE', 0, 0, '100%', 'auto', '{"padding": "20px", "borderRadius": "8px", "border": "1px solid #e5e7eb", "marginBottom": "16px"}', '{"uiType": "card", "props": {"label": "Fiche v\\u00e9hicule"}}', 'vehicules', 0, UUID('66e5c27b-0f8f-4e69-a977-231d89a98ab2'), UUID('13eafd0e-2ad7-40e3-82dd-effacb8ac150'), None, 'CARTE', 0, 1, '100%', 'auto', '{"padding": "16px", "borderRadius": "8px", "border": "1px solid #e5e7eb"}', '{"uiType": "card", "props": {"label": "Historique complet des r\\u00e9parations"}}', 'reparations', 1)
2026-05-28 15:37:35,829 INFO sqlalchemy.engine.Engine SELECT pages.id, pages.tracking_id, pages.interface_id, pages.nom, pages.chemin, pages.type_page, pages.est_accueil, pages.ordre, pages.created_at 
FROM pages 
WHERE pages.id = $1::INTEGER
2026-05-28 15:37:35,829 INFO sqlalchemy.engine.Engine [cached since 0.06589s ago] (79,)
2026-05-28 15:37:35,832 INFO sqlalchemy.engine.Engine INSERT INTO pages (tracking_id, interface_id, nom, chemin, type_page, est_accueil, ordre) VALUES ($1::UUID, $2::UUID, $3::VARCHAR, $4::VARCHAR, $5::typepage, $6::BOOLEAN, $7::INTEGER) RETURNING pages.id, pages.created_at
2026-05-28 15:37:35,832 INFO sqlalchemy.engine.Engine [cached since 0.07584s ago] (UUID('518594a1-f91e-45f0-8bf1-5814678b4c35'), UUID('992785f9-0b90-4abe-b02f-9ee1152b80c8'), 'Réparation Détail', '/reparations/:id', 'desktop', False, 6)
2026-05-28 15:37:35,834 INFO sqlalchemy.engine.Engine INSERT INTO composants (tracking_id, page_id, parent_id, type, position_x, position_y, largeur, hauteur, styles, config, connecte_a, ordre) SELECT p0::UUID, p1::UUID, p2::UUID, p3::typecomposant, p4::INTEGER, p5::INTEGER, p6::VARCHAR, p7::VARCHAR, p8 ... 442 characters truncated ... counter) ORDER BY sen_counter RETURNING composants.id, composants.created_at, composants.id AS id__1
2026-05-28 15:37:35,834 INFO sqlalchemy.engine.Engine [cached since 0.05924s ago (insertmanyvalues) 1/1 (ordered)] (UUID('c61cf069-de36-4d9f-80be-650f02e824dc'), UUID('dbe341df-ad35-497f-acd9-fb76038496a9'), None, 'CONTENEUR', 0, 0, '100%', 'auto', '{"display": "flex", "justifyContent": "space-between", "alignItems": "center", "marginBottom": "16px"}', '{"uiType": "container", "props": {}}', None, 0, UUID('9c1dbf34-abc8-4f44-a436-73997a0eb5c6'), UUID('dbe341df-ad35-497f-acd9-fb76038496a9'), None, 'CONTENEUR', 0, 1, '100%', 'auto', '{"display": "grid", "gridTemplateColumns": "repeat(4, 1fr)", "gap": "16px"}', '{"uiType": "container", "props": {}}', None, 1)
2026-05-28 15:37:35,836 INFO sqlalchemy.engine.Engine SELECT pages.id, pages.tracking_id, pages.interface_id, pages.nom, pages.chemin, pages.type_page, pages.est_accueil, pages.ordre, pages.created_at 
FROM pages 
WHERE pages.id = $1::INTEGER
2026-05-28 15:37:35,836 INFO sqlalchemy.engine.Engine [cached since 0.0728s ago] (80,)
2026-05-28 15:37:35,838 INFO sqlalchemy.engine.Engine INSERT INTO pages (tracking_id, interface_id, nom, chemin, type_page, est_accueil, ordre) VALUES ($1::UUID, $2::UUID, $3::VARCHAR, $4::VARCHAR, $5::typepage, $6::BOOLEAN, $7::INTEGER) RETURNING pages.id, pages.created_at
2026-05-28 15:37:35,838 INFO sqlalchemy.engine.Engine [cached since 0.08187s ago] (UUID('6abe4360-80d1-49e2-9c8b-33471493fe15'), UUID('992785f9-0b90-4abe-b02f-9ee1152b80c8'), 'Stock Pièces', '/stock', 'desktop', False, 7)
2026-05-28 15:37:35,840 INFO sqlalchemy.engine.Engine INSERT INTO composants (tracking_id, page_id, parent_id, type, position_x, position_y, largeur, hauteur, styles, config, connecte_a, ordre) SELECT p0::UUID, p1::UUID, p2::UUID, p3::typecomposant, p4::INTEGER, p5::INTEGER, p6::VARCHAR, p7::VARCHAR, p8 ... 606 characters truncated ... counter) ORDER BY sen_counter RETURNING composants.id, composants.created_at, composants.id AS id__1
2026-05-28 15:37:35,840 INFO sqlalchemy.engine.Engine [cached since 0.06527s ago (insertmanyvalues) 1/1 (ordered)] (UUID('f1820db5-1e7c-4e07-8bd5-7e2e1b464aba'), UUID('518594a1-f91e-45f0-8bf1-5814678b4c35'), None, 'CARTE', 0, 0, '100%', 'auto', '{"padding": "20px", "borderRadius": "8px", "border": "1px solid #e5e7eb", "marginBottom": "16px"}', '{"uiType": "card", "props": {"label": "D\\u00e9tails de la r\\u00e9paration"}}', 'reparations', 0, UUID('be81f510-3e6e-4f2d-a843-5d82990cd090'), UUID('518594a1-f91e-45f0-8bf1-5814678b4c35'), None, 'CONTENEUR', 0, 1, '100%', 'auto', '{"gap": "16px"}', '{"uiType": "columns", "props": {}}', None, 1, UUID('ac8a91be-1c29-4b89-9d77-284d245a2cc5'), UUID('518594a1-f91e-45f0-8bf1-5814678b4c35'), None, 'CARTE', 0, 2, '100%', 'auto', '{"padding": "16px", "borderRadius": "8px", "border": "1px solid #e5e7eb", "marginTop": "16px"}', '{"uiType": "card", "props": {"label": "M\\u00e9caniciens affect\\u00e9s"}}', 'equipe', 2)
2026-05-28 15:37:35,842 INFO sqlalchemy.engine.Engine SELECT pages.id, pages.tracking_id, pages.interface_id, pages.nom, pages.chemin, pages.type_page, pages.est_accueil, pages.ordre, pages.created_at 
FROM pages 
WHERE pages.id = $1::INTEGER
2026-05-28 15:37:35,842 INFO sqlalchemy.engine.Engine [cached since 0.07887s ago] (81,)
2026-05-28 15:37:35,846 INFO sqlalchemy.engine.Engine INSERT INTO pages (tracking_id, interface_id, nom, chemin, type_page, est_accueil, ordre) VALUES ($1::UUID, $2::UUID, $3::VARCHAR, $4::VARCHAR, $5::typepage, $6::BOOLEAN, $7::INTEGER) RETURNING pages.id, pages.created_at
2026-05-28 15:37:35,846 INFO sqlalchemy.engine.Engine [cached since 0.0892s ago] (UUID('bacfaba6-8f2e-45d0-bd0c-7ab9da60362a'), UUID('992785f9-0b90-4abe-b02f-9ee1152b80c8'), 'Facturation', '/facturation', 'desktop', False, 8)
2026-05-28 15:37:35,848 INFO sqlalchemy.engine.Engine INSERT INTO composants (tracking_id, page_id, parent_id, type, position_x, position_y, largeur, hauteur, styles, config, connecte_a, ordre) SELECT p0::UUID, p1::UUID, p2::UUID, p3::typecomposant, p4::INTEGER, p5::INTEGER, p6::VARCHAR, p7::VARCHAR, p8 ... 606 characters truncated ... counter) ORDER BY sen_counter RETURNING composants.id, composants.created_at, composants.id AS id__1
2026-05-28 15:37:35,848 INFO sqlalchemy.engine.Engine [cached since 0.07326s ago (insertmanyvalues) 1/1 (ordered)] (UUID('7175e867-d123-47c7-b50b-83e849ae76a3'), UUID('6abe4360-80d1-49e2-9c8b-33471493fe15'), None, 'CONTENEUR', 0, 0, '100%', 'auto', '{"display": "flex", "justifyContent": "space-between", "alignItems": "center", "marginBottom": "16px"}', '{"uiType": "container", "props": {}}', None, 0, UUID('1f8a91a6-1b91-4ef0-8800-dae69a4e9bc6'), UUID('6abe4360-80d1-49e2-9c8b-33471493fe15'), None, 'TEXTE', 0, 1, '100%', 'auto', '{"backgroundColor": "#fef3c7", "color": "#92400e", "padding": "12px", "borderRadius": "6px", "marginBottom": "16px"}', '{"uiType": "badge", "props": {"text": "\\u26a0\\ufe0f 3 pi\\u00e8ces en stock bas (< 5 unit\\u00e9s)"}}', 'pieces', 1, UUID('69cd5c72-368a-4e60-a4a9-5b7da334b5b2'), UUID('6abe4360-80d1-49e2-9c8b-33471493fe15'), None, 'LISTE', 0, 2, '100%', 'auto', '{"borderRadius": "8px", "border": "1px solid #e5e7eb"}', '{"uiType": "dataList", "props": {"label": "Inventaire des pi\\u00e8ces"}}', 'pieces', 2)
2026-05-28 15:37:35,850 INFO sqlalchemy.engine.Engine SELECT pages.id, pages.tracking_id, pages.interface_id, pages.nom, pages.chemin, pages.type_page, pages.est_accueil, pages.ordre, pages.created_at 
FROM pages 
WHERE pages.id = $1::INTEGER
2026-05-28 15:37:35,851 INFO sqlalchemy.engine.Engine [cached since 0.08704s ago] (82,)
2026-05-28 15:37:35,852 INFO sqlalchemy.engine.Engine INSERT INTO pages (tracking_id, interface_id, nom, chemin, type_page, est_accueil, ordre) VALUES ($1::UUID, $2::UUID, $3::VARCHAR, $4::VARCHAR, $5::typepage, $6::BOOLEAN, $7::INTEGER) RETURNING pages.id, pages.created_at
2026-05-28 15:37:35,852 INFO sqlalchemy.engine.Engine [cached since 0.09578s ago] (UUID('bb224737-5898-482b-83e0-4b5b0d7caa72'), UUID('992785f9-0b90-4abe-b02f-9ee1152b80c8'), 'Facture Détail', '/facturation/:id', 'desktop', False, 9)
2026-05-28 15:37:35,854 INFO sqlalchemy.engine.Engine INSERT INTO composants (tracking_id, page_id, parent_id, type, position_x, position_y, largeur, hauteur, styles, config, connecte_a, ordre) SELECT p0::UUID, p1::UUID, p2::UUID, p3::typecomposant, p4::INTEGER, p5::INTEGER, p6::VARCHAR, p7::VARCHAR, p8 ... 442 characters truncated ... counter) ORDER BY sen_counter RETURNING composants.id, composants.created_at, composants.id AS id__1
2026-05-28 15:37:35,854 INFO sqlalchemy.engine.Engine [cached since 0.07903s ago (insertmanyvalues) 1/1 (ordered)] (UUID('97ed5528-1fef-48bb-a959-4e9b755fcf08'), UUID('bacfaba6-8f2e-45d0-bd0c-7ab9da60362a'), None, 'CONTENEUR', 0, 0, '100%', 'auto', '{"display": "flex", "justifyContent": "space-between", "alignItems": "center", "marginBottom": "16px"}', '{"uiType": "container", "props": {}}', None, 0, UUID('95cfdbbd-0a44-4122-875f-83762263db17'), UUID('bacfaba6-8f2e-45d0-bd0c-7ab9da60362a'), None, 'LISTE', 0, 1, '100%', 'auto', '{"borderRadius": "8px", "border": "1px solid #e5e7eb"}', '{"uiType": "dataList", "props": {"label": "Liste des factures"}}', 'factures', 1)
2026-05-28 15:37:35,855 INFO sqlalchemy.engine.Engine SELECT pages.id, pages.tracking_id, pages.interface_id, pages.nom, pages.chemin, pages.type_page, pages.est_accueil, pages.ordre, pages.created_at 
FROM pages 
WHERE pages.id = $1::INTEGER
2026-05-28 15:37:35,856 INFO sqlalchemy.engine.Engine [cached since 0.09204s ago] (83,)
2026-05-28 15:37:35,857 INFO sqlalchemy.engine.Engine INSERT INTO pages (tracking_id, interface_id, nom, chemin, type_page, est_accueil, ordre) VALUES ($1::UUID, $2::UUID, $3::VARCHAR, $4::VARCHAR, $5::typepage, $6::BOOLEAN, $7::INTEGER) RETURNING pages.id, pages.created_at
2026-05-28 15:37:35,857 INFO sqlalchemy.engine.Engine [cached since 0.1005s ago] (UUID('cab79a93-b8ac-4fe3-b8e2-6915525971b2'), UUID('992785f9-0b90-4abe-b02f-9ee1152b80c8'), 'Équipe', '/equipe', 'desktop', False, 10)
2026-05-28 15:37:35,858 INFO sqlalchemy.engine.Engine INSERT INTO composants (tracking_id, page_id, parent_id, type, position_x, position_y, largeur, hauteur, styles, config, connecte_a, ordre) SELECT p0::UUID, p1::UUID, p2::UUID, p3::typecomposant, p4::INTEGER, p5::INTEGER, p6::VARCHAR, p7::VARCHAR, p8 ... 442 characters truncated ... counter) ORDER BY sen_counter RETURNING composants.id, composants.created_at, composants.id AS id__1
2026-05-28 15:37:35,858 INFO sqlalchemy.engine.Engine [cached since 0.08356s ago (insertmanyvalues) 1/1 (ordered)] (UUID('123521d1-f8d0-4bb5-aeed-919c8e5295ea'), UUID('bb224737-5898-482b-83e0-4b5b0d7caa72'), None, 'CARTE', 0, 0, '100%', 'auto', '{"padding": "20px", "borderRadius": "8px", "border": "1px solid #e5e7eb", "marginBottom": "16px"}', '{"uiType": "card", "props": {"label": "D\\u00e9tails de la facture"}}', 'factures', 0, UUID('04a08cc5-ffee-45e7-82bf-4593666f04a7'), UUID('bb224737-5898-482b-83e0-4b5b0d7caa72'), None, 'CONTENEUR', 0, 1, '100%', 'auto', '{"display": "flex", "gap": "16px"}', '{"uiType": "container", "props": {}}', None, 1)
2026-05-28 15:37:35,861 INFO sqlalchemy.engine.Engine SELECT pages.id, pages.tracking_id, pages.interface_id, pages.nom, pages.chemin, pages.type_page, pages.est_accueil, pages.ordre, pages.created_at 
FROM pages 
WHERE pages.id = $1::INTEGER
2026-05-28 15:37:35,861 INFO sqlalchemy.engine.Engine [cached since 0.09745s ago] (84,)
2026-05-28 15:37:35,863 INFO sqlalchemy.engine.Engine INSERT INTO pages (tracking_id, interface_id, nom, chemin, type_page, est_accueil, ordre) VALUES ($1::UUID, $2::UUID, $3::VARCHAR, $4::VARCHAR, $5::typepage, $6::BOOLEAN, $7::INTEGER) RETURNING pages.id, pages.created_at
2026-05-28 15:37:35,864 INFO sqlalchemy.engine.Engine [cached since 0.1069s ago] (UUID('67b2fd70-8f51-4a26-8c8d-4be6aae63a56'), UUID('992785f9-0b90-4abe-b02f-9ee1152b80c8'), 'Mécanicien Détail', '/equipe/:id', 'desktop', False, 11)
2026-05-28 15:37:35,865 INFO sqlalchemy.engine.Engine INSERT INTO composants (tracking_id, page_id, parent_id, type, position_x, position_y, largeur, hauteur, styles, config, connecte_a, ordre) SELECT p0::UUID, p1::UUID, p2::UUID, p3::typecomposant, p4::INTEGER, p5::INTEGER, p6::VARCHAR, p7::VARCHAR, p8 ... 442 characters truncated ... counter) ORDER BY sen_counter RETURNING composants.id, composants.created_at, composants.id AS id__1
2026-05-28 15:37:35,865 INFO sqlalchemy.engine.Engine [cached since 0.09053s ago (insertmanyvalues) 1/1 (ordered)] (UUID('ffccb726-b7ec-4be9-bc3d-df12e6651fa8'), UUID('cab79a93-b8ac-4fe3-b8e2-6915525971b2'), None, 'CONTENEUR', 0, 0, '100%', 'auto', '{"display": "flex", "justifyContent": "space-between", "alignItems": "center", "marginBottom": "16px"}', '{"uiType": "container", "props": {}}', None, 0, UUID('b4a67601-1386-4537-b80d-1fb2141b47cf'), UUID('cab79a93-b8ac-4fe3-b8e2-6915525971b2'), None, 'LISTE', 0, 1, '100%', 'auto', '{"borderRadius": "8px", "border": "1px solid #e5e7eb"}', '{"uiType": "dataList", "props": {"label": "Liste de l\'\\u00e9quipe"}}', 'equipe', 1)
2026-05-28 15:37:35,867 INFO sqlalchemy.engine.Engine SELECT pages.id, pages.tracking_id, pages.interface_id, pages.nom, pages.chemin, pages.type_page, pages.est_accueil, pages.ordre, pages.created_at 
FROM pages 
WHERE pages.id = $1::INTEGER
2026-05-28 15:37:35,867 INFO sqlalchemy.engine.Engine [cached since 0.1036s ago] (85,)
2026-05-28 15:37:35,869 INFO sqlalchemy.engine.Engine INSERT INTO pages (tracking_id, interface_id, nom, chemin, type_page, est_accueil, ordre) VALUES ($1::UUID, $2::UUID, $3::VARCHAR, $4::VARCHAR, $5::typepage, $6::BOOLEAN, $7::INTEGER) RETURNING pages.id, pages.created_at
2026-05-28 15:37:35,869 INFO sqlalchemy.engine.Engine [cached since 0.1124s ago] (UUID('99c1b9fb-6abb-4f7b-a28d-345517cb17bd'), UUID('992785f9-0b90-4abe-b02f-9ee1152b80c8'), 'Dashboard', '/dashboard', 'mobile', True, 12)
2026-05-28 15:37:35,870 INFO sqlalchemy.engine.Engine INSERT INTO composants (tracking_id, page_id, parent_id, type, position_x, position_y, largeur, hauteur, styles, config, connecte_a, ordre) SELECT p0::UUID, p1::UUID, p2::UUID, p3::typecomposant, p4::INTEGER, p5::INTEGER, p6::VARCHAR, p7::VARCHAR, p8 ... 442 characters truncated ... counter) ORDER BY sen_counter RETURNING composants.id, composants.created_at, composants.id AS id__1
2026-05-28 15:37:35,870 INFO sqlalchemy.engine.Engine [cached since 0.09564s ago (insertmanyvalues) 1/1 (ordered)] (UUID('a10c9a44-38ef-4b5d-9180-8249ec514b5a'), UUID('67b2fd70-8f51-4a26-8c8d-4be6aae63a56'), None, 'CARTE', 0, 0, '100%', 'auto', '{"padding": "20px", "borderRadius": "8px", "border": "1px solid #e5e7eb", "marginBottom": "16px"}', '{"uiType": "card", "props": {"label": "Profil du m\\u00e9canicien"}}', 'equipe', 0, UUID('e02dbaeb-ad43-4d73-bf5a-b2f69cf91a07'), UUID('67b2fd70-8f51-4a26-8c8d-4be6aae63a56'), None, 'CARTE', 0, 1, '100%', 'auto', '{"padding": "16px", "borderRadius": "8px", "border": "1px solid #e5e7eb"}', '{"uiType": "card", "props": {"label": "Affectations en cours"}}', 'reparations', 1)
2026-05-28 15:37:35,872 INFO sqlalchemy.engine.Engine SELECT pages.id, pages.tracking_id, pages.interface_id, pages.nom, pages.chemin, pages.type_page, pages.est_accueil, pages.ordre, pages.created_at 
FROM pages 
WHERE pages.id = $1::INTEGER
2026-05-28 15:37:35,872 INFO sqlalchemy.engine.Engine [cached since 0.1086s ago] (86,)
2026-05-28 15:37:35,874 INFO sqlalchemy.engine.Engine INSERT INTO pages (tracking_id, interface_id, nom, chemin, type_page, est_accueil, ordre) VALUES ($1::UUID, $2::UUID, $3::VARCHAR, $4::VARCHAR, $5::typepage, $6::BOOLEAN, $7::INTEGER) RETURNING pages.id, pages.created_at
2026-05-28 15:37:35,874 INFO sqlalchemy.engine.Engine [cached since 0.1172s ago] (UUID('ba3fd0c9-f662-4b45-875f-c9f68da3b76f'), UUID('992785f9-0b90-4abe-b02f-9ee1152b80c8'), 'Clients', '/clients', 'mobile', False, 13)
2026-05-28 15:37:35,875 INFO sqlalchemy.engine.Engine INSERT INTO composants (tracking_id, page_id, parent_id, type, position_x, position_y, largeur, hauteur, styles, config, connecte_a, ordre) SELECT p0::UUID, p1::UUID, p2::UUID, p3::typecomposant, p4::INTEGER, p5::INTEGER, p6::VARCHAR, p7::VARCHAR, p8 ... 606 characters truncated ... counter) ORDER BY sen_counter RETURNING composants.id, composants.created_at, composants.id AS id__1
2026-05-28 15:37:35,875 INFO sqlalchemy.engine.Engine [cached since 0.1005s ago (insertmanyvalues) 1/1 (ordered)] (UUID('839143a6-a219-4262-bd44-188a560188fa'), UUID('99c1b9fb-6abb-4f7b-a28d-345517cb17bd'), None, 'CONTENEUR', 0, 0, '100%', 'auto', '{"display": "grid", "gridTemplateColumns": "repeat(4, 1fr)", "gap": "16px", "marginBottom": "24px"}', '{"uiType": "container", "props": {}}', None, 0, UUID('b8e20c5f-1ee8-4e05-aa90-07c5f224bcbe'), UUID('99c1b9fb-6abb-4f7b-a28d-345517cb17bd'), None, 'CARTE', 0, 1, '100%', '300px', '{"marginBottom": "24px", "padding": "16px", "borderRadius": "8px", "border": "1px solid #e5e7eb"}', '{"uiType": "card", "props": {"label": "R\\u00e9parations par mois"}}', 'reparations', 1, UUID('5e2256c1-d3b9-4b2e-b5d4-021154376e54'), UUID('99c1b9fb-6abb-4f7b-a28d-345517cb17bd'), None, 'CONTENEUR', 0, 2, '100%', 'auto', '{"gap": "16px"}', '{"uiType": "columns", "props": {}}', None, 2)
2026-05-28 15:37:35,878 INFO sqlalchemy.engine.Engine SELECT pages.id, pages.tracking_id, pages.interface_id, pages.nom, pages.chemin, pages.type_page, pages.est_accueil, pages.ordre, pages.created_at 
FROM pages 
WHERE pages.id = $1::INTEGER
2026-05-28 15:37:35,878 INFO sqlalchemy.engine.Engine [cached since 0.1146s ago] (87,)
2026-05-28 15:37:35,881 INFO sqlalchemy.engine.Engine INSERT INTO pages (tracking_id, interface_id, nom, chemin, type_page, est_accueil, ordre) VALUES ($1::UUID, $2::UUID, $3::VARCHAR, $4::VARCHAR, $5::typepage, $6::BOOLEAN, $7::INTEGER) RETURNING pages.id, pages.created_at
2026-05-28 15:37:35,881 INFO sqlalchemy.engine.Engine [cached since 0.1246s ago] (UUID('6250868e-f64a-49f2-988a-aa79404adc3c'), UUID('992785f9-0b90-4abe-b02f-9ee1152b80c8'), 'Client Détail', '/clients/:id', 'mobile', False, 14)
2026-05-28 15:37:35,883 INFO sqlalchemy.engine.Engine INSERT INTO composants (tracking_id, page_id, parent_id, type, position_x, position_y, largeur, hauteur, styles, config, connecte_a, ordre) SELECT p0::UUID, p1::UUID, p2::UUID, p3::typecomposant, p4::INTEGER, p5::INTEGER, p6::VARCHAR, p7::VARCHAR, p8 ... 442 characters truncated ... counter) ORDER BY sen_counter RETURNING composants.id, composants.created_at, composants.id AS id__1
2026-05-28 15:37:35,883 INFO sqlalchemy.engine.Engine [cached since 0.1079s ago (insertmanyvalues) 1/1 (ordered)] (UUID('19350eda-49c1-4e88-adf4-989250234804'), UUID('ba3fd0c9-f662-4b45-875f-c9f68da3b76f'), None, 'CONTENEUR', 0, 0, '100%', 'auto', '{"display": "flex", "justifyContent": "space-between", "alignItems": "center", "marginBottom": "16px"}', '{"uiType": "container", "props": {}}', None, 0, UUID('6fd151d2-a0cf-4fd8-9e96-bafdcc662cb1'), UUID('ba3fd0c9-f662-4b45-875f-c9f68da3b76f'), None, 'LISTE', 0, 1, '100%', 'auto', '{"borderRadius": "8px", "border": "1px solid #e5e7eb"}', '{"uiType": "dataList", "props": {"label": "Liste des clients"}}', 'clients', 1)
2026-05-28 15:37:35,884 INFO sqlalchemy.engine.Engine SELECT pages.id, pages.tracking_id, pages.interface_id, pages.nom, pages.chemin, pages.type_page, pages.est_accueil, pages.ordre, pages.created_at 
FROM pages 
WHERE pages.id = $1::INTEGER
2026-05-28 15:37:35,884 INFO sqlalchemy.engine.Engine [cached since 0.1209s ago] (88,)
2026-05-28 15:37:35,886 INFO sqlalchemy.engine.Engine INSERT INTO pages (tracking_id, interface_id, nom, chemin, type_page, est_accueil, ordre) VALUES ($1::UUID, $2::UUID, $3::VARCHAR, $4::VARCHAR, $5::typepage, $6::BOOLEAN, $7::INTEGER) RETURNING pages.id, pages.created_at
2026-05-28 15:37:35,886 INFO sqlalchemy.engine.Engine [cached since 0.1296s ago] (UUID('bda8a170-2725-4de3-bc8f-4ad665b47488'), UUID('992785f9-0b90-4abe-b02f-9ee1152b80c8'), 'Véhicules', '/vehicules', 'mobile', False, 15)
2026-05-28 15:37:35,887 INFO sqlalchemy.engine.Engine INSERT INTO composants (tracking_id, page_id, parent_id, type, position_x, position_y, largeur, hauteur, styles, config, connecte_a, ordre) SELECT p0::UUID, p1::UUID, p2::UUID, p3::typecomposant, p4::INTEGER, p5::INTEGER, p6::VARCHAR, p7::VARCHAR, p8 ... 442 characters truncated ... counter) ORDER BY sen_counter RETURNING composants.id, composants.created_at, composants.id AS id__1
2026-05-28 15:37:35,887 INFO sqlalchemy.engine.Engine [cached since 0.1127s ago (insertmanyvalues) 1/1 (ordered)] (UUID('ec0a4146-e543-4957-9eae-f02f70fde9f1'), UUID('6250868e-f64a-49f2-988a-aa79404adc3c'), None, 'CARTE', 0, 0, '100%', 'auto', '{"padding": "20px", "borderRadius": "8px", "border": "1px solid #e5e7eb", "marginBottom": "16px"}', '{"uiType": "card", "props": {"label": "Informations client"}}', 'clients', 0, UUID('54da663b-efe5-46ba-a270-62c251068a3d'), UUID('6250868e-f64a-49f2-988a-aa79404adc3c'), None, 'CONTENEUR', 0, 1, '100%', 'auto', '{"gap": "16px"}', '{"uiType": "columns", "props": {}}', None, 1)
2026-05-28 15:37:35,889 INFO sqlalchemy.engine.Engine SELECT pages.id, pages.tracking_id, pages.interface_id, pages.nom, pages.chemin, pages.type_page, pages.est_accueil, pages.ordre, pages.created_at 
FROM pages 
WHERE pages.id = $1::INTEGER
2026-05-28 15:37:35,889 INFO sqlalchemy.engine.Engine [cached since 0.1257s ago] (89,)
2026-05-28 15:37:35,891 INFO sqlalchemy.engine.Engine INSERT INTO pages (tracking_id, interface_id, nom, chemin, type_page, est_accueil, ordre) VALUES ($1::UUID, $2::UUID, $3::VARCHAR, $4::VARCHAR, $5::typepage, $6::BOOLEAN, $7::INTEGER) RETURNING pages.id, pages.created_at
2026-05-28 15:37:35,891 INFO sqlalchemy.engine.Engine [cached since 0.1342s ago] (UUID('dcba8c30-300d-4705-b783-94c9274fbb74'), UUID('992785f9-0b90-4abe-b02f-9ee1152b80c8'), 'Véhicule Détail', '/vehicules/:id', 'mobile', False, 16)
2026-05-28 15:37:35,892 INFO sqlalchemy.engine.Engine INSERT INTO composants (tracking_id, page_id, parent_id, type, position_x, position_y, largeur, hauteur, styles, config, connecte_a, ordre) SELECT p0::UUID, p1::UUID, p2::UUID, p3::typecomposant, p4::INTEGER, p5::INTEGER, p6::VARCHAR, p7::VARCHAR, p8 ... 442 characters truncated ... counter) ORDER BY sen_counter RETURNING composants.id, composants.created_at, composants.id AS id__1
2026-05-28 15:37:35,892 INFO sqlalchemy.engine.Engine [cached since 0.1174s ago (insertmanyvalues) 1/1 (ordered)] (UUID('0c754777-3ede-4623-a617-2f0aae484776'), UUID('bda8a170-2725-4de3-bc8f-4ad665b47488'), None, 'CONTENEUR', 0, 0, '100%', 'auto', '{"display": "flex", "justifyContent": "space-between", "alignItems": "center", "marginBottom": "16px"}', '{"uiType": "container", "props": {}}', None, 0, UUID('5945cc72-e41d-41b2-9d72-a4d5ad96b9a7'), UUID('bda8a170-2725-4de3-bc8f-4ad665b47488'), None, 'LISTE', 0, 1, '100%', 'auto', '{"borderRadius": "8px", "border": "1px solid #e5e7eb"}', '{"uiType": "dataList", "props": {"label": "Parc automobile"}}', 'vehicules', 1)
2026-05-28 15:37:35,895 INFO sqlalchemy.engine.Engine SELECT pages.id, pages.tracking_id, pages.interface_id, pages.nom, pages.chemin, pages.type_page, pages.est_accueil, pages.ordre, pages.created_at 
FROM pages 
WHERE pages.id = $1::INTEGER
2026-05-28 15:37:35,895 INFO sqlalchemy.engine.Engine [cached since 0.1315s ago] (90,)
2026-05-28 15:37:35,898 INFO sqlalchemy.engine.Engine INSERT INTO pages (tracking_id, interface_id, nom, chemin, type_page, est_accueil, ordre) VALUES ($1::UUID, $2::UUID, $3::VARCHAR, $4::VARCHAR, $5::typepage, $6::BOOLEAN, $7::INTEGER) RETURNING pages.id, pages.created_at
2026-05-28 15:37:35,899 INFO sqlalchemy.engine.Engine [cached since 0.142s ago] (UUID('fe0a2362-5ec4-4fe3-a859-cd2c3a33f17b'), UUID('992785f9-0b90-4abe-b02f-9ee1152b80c8'), 'Réparations', '/reparations', 'mobile', False, 17)
2026-05-28 15:37:35,900 INFO sqlalchemy.engine.Engine INSERT INTO composants (tracking_id, page_id, parent_id, type, position_x, position_y, largeur, hauteur, styles, config, connecte_a, ordre) SELECT p0::UUID, p1::UUID, p2::UUID, p3::typecomposant, p4::INTEGER, p5::INTEGER, p6::VARCHAR, p7::VARCHAR, p8 ... 442 characters truncated ... counter) ORDER BY sen_counter RETURNING composants.id, composants.created_at, composants.id AS id__1
2026-05-28 15:37:35,901 INFO sqlalchemy.engine.Engine [cached since 0.1257s ago (insertmanyvalues) 1/1 (ordered)] (UUID('0c82699d-c8e3-4db7-9a29-4c918daa3d21'), UUID('dcba8c30-300d-4705-b783-94c9274fbb74'), None, 'CARTE', 0, 0, '100%', 'auto', '{"padding": "20px", "borderRadius": "8px", "border": "1px solid #e5e7eb", "marginBottom": "16px"}', '{"uiType": "card", "props": {"label": "Fiche v\\u00e9hicule"}}', 'vehicules', 0, UUID('1d318fea-c737-449a-b02f-106c4df76dc4'), UUID('dcba8c30-300d-4705-b783-94c9274fbb74'), None, 'CARTE', 0, 1, '100%', 'auto', '{"padding": "16px", "borderRadius": "8px", "border": "1px solid #e5e7eb"}', '{"uiType": "card", "props": {"label": "Historique complet des r\\u00e9parations"}}', 'reparations', 1)
2026-05-28 15:37:35,902 INFO sqlalchemy.engine.Engine SELECT pages.id, pages.tracking_id, pages.interface_id, pages.nom, pages.chemin, pages.type_page, pages.est_accueil, pages.ordre, pages.created_at 
FROM pages 
WHERE pages.id = $1::INTEGER
2026-05-28 15:37:35,903 INFO sqlalchemy.engine.Engine [cached since 0.1392s ago] (91,)
2026-05-28 15:37:35,904 INFO sqlalchemy.engine.Engine INSERT INTO pages (tracking_id, interface_id, nom, chemin, type_page, est_accueil, ordre) VALUES ($1::UUID, $2::UUID, $3::VARCHAR, $4::VARCHAR, $5::typepage, $6::BOOLEAN, $7::INTEGER) RETURNING pages.id, pages.created_at
2026-05-28 15:37:35,904 INFO sqlalchemy.engine.Engine [cached since 0.1477s ago] (UUID('c5b1a420-a752-4693-a898-473439ebf58a'), UUID('992785f9-0b90-4abe-b02f-9ee1152b80c8'), 'Réparation Détail', '/reparations/:id', 'mobile', False, 18)
2026-05-28 15:37:35,905 INFO sqlalchemy.engine.Engine INSERT INTO composants (tracking_id, page_id, parent_id, type, position_x, position_y, largeur, hauteur, styles, config, connecte_a, ordre) SELECT p0::UUID, p1::UUID, p2::UUID, p3::typecomposant, p4::INTEGER, p5::INTEGER, p6::VARCHAR, p7::VARCHAR, p8 ... 442 characters truncated ... counter) ORDER BY sen_counter RETURNING composants.id, composants.created_at, composants.id AS id__1
2026-05-28 15:37:35,906 INFO sqlalchemy.engine.Engine [cached since 0.1308s ago (insertmanyvalues) 1/1 (ordered)] (UUID('f2b878fc-7522-47e9-a24c-77004eb62187'), UUID('fe0a2362-5ec4-4fe3-a859-cd2c3a33f17b'), None, 'CONTENEUR', 0, 0, '100%', 'auto', '{"display": "flex", "justifyContent": "space-between", "alignItems": "center", "marginBottom": "16px"}', '{"uiType": "container", "props": {}}', None, 0, UUID('4a0a0f1a-d9ef-4862-9d4b-64b4ebd0043b'), UUID('fe0a2362-5ec4-4fe3-a859-cd2c3a33f17b'), None, 'CONTENEUR', 0, 1, '100%', 'auto', '{"display": "grid", "gridTemplateColumns": "repeat(4, 1fr)", "gap": "16px"}', '{"uiType": "container", "props": {}}', None, 1)
2026-05-28 15:37:35,907 INFO sqlalchemy.engine.Engine SELECT pages.id, pages.tracking_id, pages.interface_id, pages.nom, pages.chemin, pages.type_page, pages.est_accueil, pages.ordre, pages.created_at 
FROM pages 
WHERE pages.id = $1::INTEGER
2026-05-28 15:37:35,907 INFO sqlalchemy.engine.Engine [cached since 0.1438s ago] (92,)
2026-05-28 15:37:35,909 INFO sqlalchemy.engine.Engine INSERT INTO pages (tracking_id, interface_id, nom, chemin, type_page, est_accueil, ordre) VALUES ($1::UUID, $2::UUID, $3::VARCHAR, $4::VARCHAR, $5::typepage, $6::BOOLEAN, $7::INTEGER) RETURNING pages.id, pages.created_at
2026-05-28 15:37:35,909 INFO sqlalchemy.engine.Engine [cached since 0.1524s ago] (UUID('cc00672a-88e2-4f6a-bc4d-3fc388dea699'), UUID('992785f9-0b90-4abe-b02f-9ee1152b80c8'), 'Stock Pièces', '/stock', 'mobile', False, 19)
2026-05-28 15:37:35,911 INFO sqlalchemy.engine.Engine INSERT INTO composants (tracking_id, page_id, parent_id, type, position_x, position_y, largeur, hauteur, styles, config, connecte_a, ordre) SELECT p0::UUID, p1::UUID, p2::UUID, p3::typecomposant, p4::INTEGER, p5::INTEGER, p6::VARCHAR, p7::VARCHAR, p8 ... 606 characters truncated ... counter) ORDER BY sen_counter RETURNING composants.id, composants.created_at, composants.id AS id__1
2026-05-28 15:37:35,911 INFO sqlalchemy.engine.Engine [cached since 0.1362s ago (insertmanyvalues) 1/1 (ordered)] (UUID('56c23598-5281-4936-900d-b4567fe45a37'), UUID('c5b1a420-a752-4693-a898-473439ebf58a'), None, 'CARTE', 0, 0, '100%', 'auto', '{"padding": "20px", "borderRadius": "8px", "border": "1px solid #e5e7eb", "marginBottom": "16px"}', '{"uiType": "card", "props": {"label": "D\\u00e9tails de la r\\u00e9paration"}}', 'reparations', 0, UUID('e6bb1f96-5753-4171-9881-fb01e3650f17'), UUID('c5b1a420-a752-4693-a898-473439ebf58a'), None, 'CONTENEUR', 0, 1, '100%', 'auto', '{"gap": "16px"}', '{"uiType": "columns", "props": {}}', None, 1, UUID('c3dea63d-16f0-49ad-9f4b-ca2cc089f697'), UUID('c5b1a420-a752-4693-a898-473439ebf58a'), None, 'CARTE', 0, 2, '100%', 'auto', '{"padding": "16px", "borderRadius": "8px", "border": "1px solid #e5e7eb", "marginTop": "16px"}', '{"uiType": "card", "props": {"label": "M\\u00e9caniciens affect\\u00e9s"}}', 'equipe', 2)
2026-05-28 15:37:35,914 INFO sqlalchemy.engine.Engine SELECT pages.id, pages.tracking_id, pages.interface_id, pages.nom, pages.chemin, pages.type_page, pages.est_accueil, pages.ordre, pages.created_at 
FROM pages 
WHERE pages.id = $1::INTEGER
2026-05-28 15:37:35,914 INFO sqlalchemy.engine.Engine [cached since 0.1505s ago] (93,)
2026-05-28 15:37:35,916 INFO sqlalchemy.engine.Engine INSERT INTO pages (tracking_id, interface_id, nom, chemin, type_page, est_accueil, ordre) VALUES ($1::UUID, $2::UUID, $3::VARCHAR, $4::VARCHAR, $5::typepage, $6::BOOLEAN, $7::INTEGER) RETURNING pages.id, pages.created_at
2026-05-28 15:37:35,916 INFO sqlalchemy.engine.Engine [cached since 0.1597s ago] (UUID('f827bca3-9c14-499a-9d42-ae164b1eb782'), UUID('992785f9-0b90-4abe-b02f-9ee1152b80c8'), 'Facturation', '/facturation', 'mobile', False, 20)
2026-05-28 15:37:35,918 INFO sqlalchemy.engine.Engine INSERT INTO composants (tracking_id, page_id, parent_id, type, position_x, position_y, largeur, hauteur, styles, config, connecte_a, ordre) SELECT p0::UUID, p1::UUID, p2::UUID, p3::typecomposant, p4::INTEGER, p5::INTEGER, p6::VARCHAR, p7::VARCHAR, p8 ... 606 characters truncated ... counter) ORDER BY sen_counter RETURNING composants.id, composants.created_at, composants.id AS id__1
2026-05-28 15:37:35,918 INFO sqlalchemy.engine.Engine [cached since 0.143s ago (insertmanyvalues) 1/1 (ordered)] (UUID('9948cb8f-ca90-400d-8da9-560d55f8cae0'), UUID('cc00672a-88e2-4f6a-bc4d-3fc388dea699'), None, 'CONTENEUR', 0, 0, '100%', 'auto', '{"display": "flex", "justifyContent": "space-between", "alignItems": "center", "marginBottom": "16px"}', '{"uiType": "container", "props": {}}', None, 0, UUID('2077f114-e4ed-496e-8e11-d96087fd44c6'), UUID('cc00672a-88e2-4f6a-bc4d-3fc388dea699'), None, 'TEXTE', 0, 1, '100%', 'auto', '{"backgroundColor": "#fef3c7", "color": "#92400e", "padding": "12px", "borderRadius": "6px", "marginBottom": "16px"}', '{"uiType": "badge", "props": {"text": "\\u26a0\\ufe0f 3 pi\\u00e8ces en stock bas (< 5 unit\\u00e9s)"}}', 'pieces', 1, UUID('e04307b4-2fed-4e50-bb4b-b12f325cf3cd'), UUID('cc00672a-88e2-4f6a-bc4d-3fc388dea699'), None, 'LISTE', 0, 2, '100%', 'auto', '{"borderRadius": "8px", "border": "1px solid #e5e7eb"}', '{"uiType": "dataList", "props": {"label": "Inventaire des pi\\u00e8ces"}}', 'pieces', 2)
2026-05-28 15:37:35,920 INFO sqlalchemy.engine.Engine SELECT pages.id, pages.tracking_id, pages.interface_id, pages.nom, pages.chemin, pages.type_page, pages.est_accueil, pages.ordre, pages.created_at 
FROM pages 
WHERE pages.id = $1::INTEGER
2026-05-28 15:37:35,920 INFO sqlalchemy.engine.Engine [cached since 0.1562s ago] (94,)
2026-05-28 15:37:35,921 INFO sqlalchemy.engine.Engine INSERT INTO pages (tracking_id, interface_id, nom, chemin, type_page, est_accueil, ordre) VALUES ($1::UUID, $2::UUID, $3::VARCHAR, $4::VARCHAR, $5::typepage, $6::BOOLEAN, $7::INTEGER) RETURNING pages.id, pages.created_at
2026-05-28 15:37:35,921 INFO sqlalchemy.engine.Engine [cached since 0.1647s ago] (UUID('8d5b8662-b630-40d0-a2a8-f7bf3f2ceeee'), UUID('992785f9-0b90-4abe-b02f-9ee1152b80c8'), 'Facture Détail', '/facturation/:id', 'mobile', False, 21)
2026-05-28 15:37:35,922 INFO sqlalchemy.engine.Engine INSERT INTO composants (tracking_id, page_id, parent_id, type, position_x, position_y, largeur, hauteur, styles, config, connecte_a, ordre) SELECT p0::UUID, p1::UUID, p2::UUID, p3::typecomposant, p4::INTEGER, p5::INTEGER, p6::VARCHAR, p7::VARCHAR, p8 ... 442 characters truncated ... counter) ORDER BY sen_counter RETURNING composants.id, composants.created_at, composants.id AS id__1
2026-05-28 15:37:35,923 INFO sqlalchemy.engine.Engine [cached since 0.1478s ago (insertmanyvalues) 1/1 (ordered)] (UUID('06f726c6-3aba-480e-9eb2-0cf6b166d4cf'), UUID('f827bca3-9c14-499a-9d42-ae164b1eb782'), None, 'CONTENEUR', 0, 0, '100%', 'auto', '{"display": "flex", "justifyContent": "space-between", "alignItems": "center", "marginBottom": "16px"}', '{"uiType": "container", "props": {}}', None, 0, UUID('61f8fe45-5bd6-4994-ba46-916967b09bf6'), UUID('f827bca3-9c14-499a-9d42-ae164b1eb782'), None, 'LISTE', 0, 1, '100%', 'auto', '{"borderRadius": "8px", "border": "1px solid #e5e7eb"}', '{"uiType": "dataList", "props": {"label": "Liste des factures"}}', 'factures', 1)
2026-05-28 15:37:35,924 INFO sqlalchemy.engine.Engine SELECT pages.id, pages.tracking_id, pages.interface_id, pages.nom, pages.chemin, pages.type_page, pages.est_accueil, pages.ordre, pages.created_at 
FROM pages 
WHERE pages.id = $1::INTEGER
2026-05-28 15:37:35,924 INFO sqlalchemy.engine.Engine [cached since 0.1607s ago] (95,)
2026-05-28 15:37:35,926 INFO sqlalchemy.engine.Engine INSERT INTO pages (tracking_id, interface_id, nom, chemin, type_page, est_accueil, ordre) VALUES ($1::UUID, $2::UUID, $3::VARCHAR, $4::VARCHAR, $5::typepage, $6::BOOLEAN, $7::INTEGER) RETURNING pages.id, pages.created_at
2026-05-28 15:37:35,926 INFO sqlalchemy.engine.Engine [cached since 0.1694s ago] (UUID('7f269686-938d-406b-8439-26f30db03e1b'), UUID('992785f9-0b90-4abe-b02f-9ee1152b80c8'), 'Équipe', '/equipe', 'mobile', False, 22)
2026-05-28 15:37:35,928 INFO sqlalchemy.engine.Engine INSERT INTO composants (tracking_id, page_id, parent_id, type, position_x, position_y, largeur, hauteur, styles, config, connecte_a, ordre) SELECT p0::UUID, p1::UUID, p2::UUID, p3::typecomposant, p4::INTEGER, p5::INTEGER, p6::VARCHAR, p7::VARCHAR, p8 ... 442 characters truncated ... counter) ORDER BY sen_counter RETURNING composants.id, composants.created_at, composants.id AS id__1
2026-05-28 15:37:35,928 INFO sqlalchemy.engine.Engine [cached since 0.1533s ago (insertmanyvalues) 1/1 (ordered)] (UUID('9ab30343-6d14-4c28-98bf-2e173f683029'), UUID('8d5b8662-b630-40d0-a2a8-f7bf3f2ceeee'), None, 'CARTE', 0, 0, '100%', 'auto', '{"padding": "20px", "borderRadius": "8px", "border": "1px solid #e5e7eb", "marginBottom": "16px"}', '{"uiType": "card", "props": {"label": "D\\u00e9tails de la facture"}}', 'factures', 0, UUID('3773b418-a153-43ab-8907-8335c204913f'), UUID('8d5b8662-b630-40d0-a2a8-f7bf3f2ceeee'), None, 'CONTENEUR', 0, 1, '100%', 'auto', '{"display": "flex", "gap": "16px"}', '{"uiType": "container", "props": {}}', None, 1)
2026-05-28 15:37:35,930 INFO sqlalchemy.engine.Engine SELECT pages.id, pages.tracking_id, pages.interface_id, pages.nom, pages.chemin, pages.type_page, pages.est_accueil, pages.ordre, pages.created_at 
FROM pages 
WHERE pages.id = $1::INTEGER
2026-05-28 15:37:35,931 INFO sqlalchemy.engine.Engine [cached since 0.1671s ago] (96,)
2026-05-28 15:37:35,933 INFO sqlalchemy.engine.Engine INSERT INTO pages (tracking_id, interface_id, nom, chemin, type_page, est_accueil, ordre) VALUES ($1::UUID, $2::UUID, $3::VARCHAR, $4::VARCHAR, $5::typepage, $6::BOOLEAN, $7::INTEGER) RETURNING pages.id, pages.created_at
2026-05-28 15:37:35,933 INFO sqlalchemy.engine.Engine [cached since 0.1762s ago] (UUID('7d44587c-6b74-4a25-baa2-90a78a21767a'), UUID('992785f9-0b90-4abe-b02f-9ee1152b80c8'), 'Mécanicien Détail', '/equipe/:id', 'mobile', False, 23)
2026-05-28 15:37:35,934 INFO sqlalchemy.engine.Engine INSERT INTO composants (tracking_id, page_id, parent_id, type, position_x, position_y, largeur, hauteur, styles, config, connecte_a, ordre) SELECT p0::UUID, p1::UUID, p2::UUID, p3::typecomposant, p4::INTEGER, p5::INTEGER, p6::VARCHAR, p7::VARCHAR, p8 ... 442 characters truncated ... counter) ORDER BY sen_counter RETURNING composants.id, composants.created_at, composants.id AS id__1
2026-05-28 15:37:35,934 INFO sqlalchemy.engine.Engine [cached since 0.1594s ago (insertmanyvalues) 1/1 (ordered)] (UUID('8f2086a5-3d82-42e6-86ab-5484315c0bf1'), UUID('7f269686-938d-406b-8439-26f30db03e1b'), None, 'CONTENEUR', 0, 0, '100%', 'auto', '{"display": "flex", "justifyContent": "space-between", "alignItems": "center", "marginBottom": "16px"}', '{"uiType": "container", "props": {}}', None, 0, UUID('bae80b62-a4a7-484f-834c-4bb74b7e0d77'), UUID('7f269686-938d-406b-8439-26f30db03e1b'), None, 'LISTE', 0, 1, '100%', 'auto', '{"borderRadius": "8px", "border": "1px solid #e5e7eb"}', '{"uiType": "dataList", "props": {"label": "Liste de l\'\\u00e9quipe"}}', 'equipe', 1)
2026-05-28 15:37:35,936 INFO sqlalchemy.engine.Engine SELECT pages.id, pages.tracking_id, pages.interface_id, pages.nom, pages.chemin, pages.type_page, pages.est_accueil, pages.ordre, pages.created_at 
FROM pages 
WHERE pages.id = $1::INTEGER
2026-05-28 15:37:35,936 INFO sqlalchemy.engine.Engine [cached since 0.1723s ago] (97,)
2026-05-28 15:37:35,937 INFO sqlalchemy.engine.Engine INSERT INTO composants (tracking_id, page_id, parent_id, type, position_x, position_y, largeur, hauteur, styles, config, connecte_a, ordre) SELECT p0::UUID, p1::UUID, p2::UUID, p3::typecomposant, p4::INTEGER, p5::INTEGER, p6::VARCHAR, p7::VARCHAR, p8 ... 442 characters truncated ... counter) ORDER BY sen_counter RETURNING composants.id, composants.created_at, composants.id AS id__1
2026-05-28 15:37:35,938 INFO sqlalchemy.engine.Engine [cached since 0.1628s ago (insertmanyvalues) 1/1 (ordered)] (UUID('bc312ad7-955c-4180-afd6-ddcc826b6e0e'), UUID('7d44587c-6b74-4a25-baa2-90a78a21767a'), None, 'CARTE', 0, 0, '100%', 'auto', '{"padding": "20px", "borderRadius": "8px", "border": "1px solid #e5e7eb", "marginBottom": "16px"}', '{"uiType": "card", "props": {"label": "Profil du m\\u00e9canicien"}}', 'equipe', 0, UUID('4a7cf5e8-e92d-471f-870f-bad89f759804'), UUID('7d44587c-6b74-4a25-baa2-90a78a21767a'), None, 'CARTE', 0, 1, '100%', 'auto', '{"padding": "16px", "borderRadius": "8px", "border": "1px solid #e5e7eb"}', '{"uiType": "card", "props": {"label": "Affectations en cours"}}', 'reparations', 1)
2026-05-28 15:37:35,939 INFO sqlalchemy.engine.Engine SELECT conversations.id, conversations.tracking_id, conversations.project_id, conversations.title, conversations.created_at, conversations.updated_at 
FROM conversations 
WHERE conversations.project_id = $1::UUID
2026-05-28 15:37:35,939 INFO sqlalchemy.engine.Engine [cached since 70.4s ago] (UUID('f872f05e-aa3b-4f36-a38e-4a016955b6a4'),)
2026-05-28 15:37:35,940 INFO sqlalchemy.engine.Engine SELECT conversations.id, conversations.tracking_id, conversations.project_id, conversations.title, conversations.created_at, conversations.updated_at 
FROM conversations 
WHERE conversations.tracking_id = $1::UUID
2026-05-28 15:37:35,940 INFO sqlalchemy.engine.Engine [cached since 70.39s ago] (UUID('3a056288-7230-4057-a3e0-ecfddf570b32'),)
2026-05-28 15:37:35,942 INFO sqlalchemy.engine.Engine SELECT conversations_1.id AS conversations_1_id, messages.id AS messages_id, messages.tracking_id AS messages_tracking_id, messages.conversation_id AS messages_conversation_id, messages.role AS messages_role, messages.content AS messages_content, messages.created_at AS messages_created_at 
FROM conversations AS conversations_1 JOIN messages ON conversations_1.tracking_id = messages.conversation_id 
WHERE conversations_1.id IN ($1::INTEGER) ORDER BY messages.created_at ASC
2026-05-28 15:37:35,942 INFO sqlalchemy.engine.Engine [cached since 70.39s ago] (7,)
2026-05-28 15:37:35,945 INFO sqlalchemy.engine.Engine INSERT INTO messages (tracking_id, conversation_id, role, content) VALUES ($1::UUID, $2::UUID, $3::messagerole, $4::VARCHAR) RETURNING messages.id, messages.created_at
2026-05-28 15:37:35,945 INFO sqlalchemy.engine.Engine [cached since 70.38s ago] (UUID('de7acec3-dd26-4a41-9fbc-1302a51f28e4'), UUID('3a056288-7230-4057-a3e0-ecfddf570b32'), 'ASSISTANT', 'I created 24 pages and 54 components for your interface. You can review them in the Interface tab.')
2026-05-28 15:37:35,947 INFO sqlalchemy.engine.Engine SELECT messages.id, messages.tracking_id, messages.conversation_id, messages.role, messages.content, messages.created_at 
FROM messages 
WHERE messages.id = $1::INTEGER
2026-05-28 15:37:35,948 INFO sqlalchemy.engine.Engine [cached since 70.38s ago] (49,)
2026-05-28 15:37:35,949 INFO sqlalchemy.engine.Engine COMMIT
2026-05-28 15:37:35,963 INFO sqlalchemy.engine.Engine BEGIN (implicit)
2026-05-28 15:37:35,964 INFO sqlalchemy.engine.Engine INSERT INTO messages (tracking_id, conversation_id, role, content) VALUES ($1::UUID, $2::UUID, $3::messagerole, $4::VARCHAR) RETURNING messages.id, messages.created_at
2026-05-28 15:37:35,964 INFO sqlalchemy.engine.Engine [cached since 70.4s ago] (UUID('0347f80b-bac7-4241-9c9e-58357ed59349'), UUID('3a056288-7230-4057-a3e0-ecfddf570b32'), 'ASSISTANT', "Parfait ! Je vais créer une interface complète et professionnelle pour votre application de gestion de garage. Voici ce que je vais mettre en place : ... (734 characters truncated) ...  Gestion du personnel, planning des affectations\n\nJe lance la création maintenant ! 🚀\n\n✅ C'est fait ! J'ai dessiné les écrans de votre interface.")
2026-05-28 15:37:35,966 INFO sqlalchemy.engine.Engine SELECT messages.id, messages.tracking_id, messages.conversation_id, messages.role, messages.content, messages.created_at 
FROM messages 
WHERE messages.id = $1::INTEGER
2026-05-28 15:37:35,966 INFO sqlalchemy.engine.Engine [cached since 70.39s ago] (50,)
2026-05-28 15:37:35,967 INFO sqlalchemy.engine.Engine COMMIT
INFO:     127.0.0.1:37042 - "POST /api/ai/projects/f872f05e-aa3b-4f36-a38e-4a016955b6a4/chat HTTP/1.1" 201 Created
INFO:     Waiting for application shutdown.
INFO:     Application shutdown complete.
INFO:     Finished server process [3251909]
INFO:     Started server process [3252438]
INFO:     Waiting for application startup.
INFO:     Application startup complete.
INFO:     127.0.0.1:48026 - "OPTIONS /api/schema/projects/f872f05e-aa3b-4f36-a38e-4a016955b6a4 HTTP/1.1" 200 OK
2026-05-28 15:38:19,351 INFO sqlalchemy.engine.Engine select pg_catalog.version()
2026-05-28 15:38:19,352 INFO sqlalchemy.engine.Engine [raw sql] ()
2026-05-28 15:38:19,353 INFO sqlalchemy.engine.Engine select current_schema()
2026-05-28 15:38:19,354 INFO sqlalchemy.engine.Engine [raw sql] ()
2026-05-28 15:38:19,355 INFO sqlalchemy.engine.Engine show standard_conforming_strings
2026-05-28 15:38:19,355 INFO sqlalchemy.engine.Engine [raw sql] ()
2026-05-28 15:38:19,356 INFO sqlalchemy.engine.Engine BEGIN (implicit)
2026-05-28 15:38:19,431 INFO sqlalchemy.engine.Engine SELECT users.id, users.tracking_id, users.email, users.name, users.surname, users.birth_place, users.birth_date, users.country, users.phone, users.hashed_password, users.role, users.plan, users.company_name, users.company_size, users.is_active, users.is_verified, users.created_at, users.updated_at 
FROM users 
WHERE users.tracking_id = $1::UUID
2026-05-28 15:38:19,431 INFO sqlalchemy.engine.Engine [generated in 0.00032s] (UUID('8ee353bd-2b09-4b08-bce5-8b0569cc2036'),)
2026-05-28 15:38:19,454 INFO sqlalchemy.engine.Engine SELECT projects.id, projects.tracking_id, projects.name, projects.description, projects.slug, projects.status, projects.is_public, projects.config, projects.owner_id, projects.created_at, projects.updated_at 
FROM projects 
WHERE projects.tracking_id = $1::UUID
2026-05-28 15:38:19,454 INFO sqlalchemy.engine.Engine [generated in 0.00026s] (UUID('f872f05e-aa3b-4f36-a38e-4a016955b6a4'),)
2026-05-28 15:38:19,465 INFO sqlalchemy.engine.Engine SELECT schemas.id, schemas.tracking_id, schemas.project_id, schemas.created_at, schemas.updated_at 
FROM schemas 
WHERE schemas.project_id = $1::UUID
2026-05-28 15:38:19,465 INFO sqlalchemy.engine.Engine [generated in 0.00023s] (UUID('f872f05e-aa3b-4f36-a38e-4a016955b6a4'),)
2026-05-28 15:38:19,468 INFO sqlalchemy.engine.Engine SELECT tables_schema.id, tables_schema.tracking_id, tables_schema.schema_id, tables_schema.name, tables_schema.display_name, tables_schema.description, tables_schema.icon, tables_schema.created_at, tables_schema.updated_at 
FROM tables_schema 
WHERE tables_schema.schema_id = $1::UUID ORDER BY tables_schema.created_at DESC
2026-05-28 15:38:19,468 INFO sqlalchemy.engine.Engine [generated in 0.00020s] (UUID('a00721b3-2cd2-4937-a2f3-d6e22cd508bc'),)
2026-05-28 15:38:19,472 INFO sqlalchemy.engine.Engine SELECT relations.id, relations.tracking_id, relations.schema_id, relations.source_table_id, relations.target_table_id, relations.name, relations.type, relations.description, relations.source_key, relations.target_key, relations.created_at, relations.updated_at 
FROM relations 
WHERE relations.schema_id = $1::UUID ORDER BY relations.created_at DESC
2026-05-28 15:38:19,472 INFO sqlalchemy.engine.Engine [generated in 0.00022s] (UUID('a00721b3-2cd2-4937-a2f3-d6e22cd508bc'),)
2026-05-28 15:38:19,483 INFO sqlalchemy.engine.Engine SELECT fields.id, fields.tracking_id, fields.table_id, fields.name, fields.display_name, fields.type, fields.description, fields.required, fields."unique", fields.indexed, fields.config, fields."order", fields.created_at, fields.updated_at 
FROM fields 
WHERE fields.table_id = $1::UUID ORDER BY fields."order", fields.created_at
2026-05-28 15:38:19,483 INFO sqlalchemy.engine.Engine [generated in 0.00021s] (UUID('b8107ede-6ff2-4df8-8978-ed224180a57a'),)
2026-05-28 15:38:19,490 INFO sqlalchemy.engine.Engine SELECT fields.id, fields.tracking_id, fields.table_id, fields.name, fields.display_name, fields.type, fields.description, fields.required, fields."unique", fields.indexed, fields.config, fields."order", fields.created_at, fields.updated_at 
FROM fields 
WHERE fields.table_id = $1::UUID ORDER BY fields."order", fields.created_at
2026-05-28 15:38:19,490 INFO sqlalchemy.engine.Engine [cached since 0.007756s ago] (UUID('5e182d47-0b71-4fbc-b779-d508a07226c8'),)
2026-05-28 15:38:19,493 INFO sqlalchemy.engine.Engine SELECT fields.id, fields.tracking_id, fields.table_id, fields.name, fields.display_name, fields.type, fields.description, fields.required, fields."unique", fields.indexed, fields.config, fields."order", fields.created_at, fields.updated_at 
FROM fields 
WHERE fields.table_id = $1::UUID ORDER BY fields."order", fields.created_at
2026-05-28 15:38:19,493 INFO sqlalchemy.engine.Engine [cached since 0.01055s ago] (UUID('95b4028d-124b-4a68-8666-c2f900ab37f5'),)
2026-05-28 15:38:19,496 INFO sqlalchemy.engine.Engine SELECT fields.id, fields.tracking_id, fields.table_id, fields.name, fields.display_name, fields.type, fields.description, fields.required, fields."unique", fields.indexed, fields.config, fields."order", fields.created_at, fields.updated_at 
FROM fields 
WHERE fields.table_id = $1::UUID ORDER BY fields."order", fields.created_at
2026-05-28 15:38:19,496 INFO sqlalchemy.engine.Engine [cached since 0.01314s ago] (UUID('2f3a1db3-14d8-4d05-b6cc-58b65e70d422'),)
2026-05-28 15:38:19,497 INFO sqlalchemy.engine.Engine SELECT fields.id, fields.tracking_id, fields.table_id, fields.name, fields.display_name, fields.type, fields.description, fields.required, fields."unique", fields.indexed, fields.config, fields."order", fields.created_at, fields.updated_at 
FROM fields 
WHERE fields.table_id = $1::UUID ORDER BY fields."order", fields.created_at
2026-05-28 15:38:19,497 INFO sqlalchemy.engine.Engine [cached since 0.01485s ago] (UUID('485687fc-a05d-4983-a83b-dd9be09f2c0d'),)
2026-05-28 15:38:19,499 INFO sqlalchemy.engine.Engine SELECT fields.id, fields.tracking_id, fields.table_id, fields.name, fields.display_name, fields.type, fields.description, fields.required, fields."unique", fields.indexed, fields.config, fields."order", fields.created_at, fields.updated_at 
FROM fields 
WHERE fields.table_id = $1::UUID ORDER BY fields."order", fields.created_at
2026-05-28 15:38:19,499 INFO sqlalchemy.engine.Engine [cached since 0.0164s ago] (UUID('91bf4425-09c6-4929-830d-5622cc61935d'),)
2026-05-28 15:38:19,500 INFO sqlalchemy.engine.Engine SELECT fields.id, fields.tracking_id, fields.table_id, fields.name, fields.display_name, fields.type, fields.description, fields.required, fields."unique", fields.indexed, fields.config, fields."order", fields.created_at, fields.updated_at 
FROM fields 
WHERE fields.table_id = $1::UUID ORDER BY fields."order", fields.created_at
2026-05-28 15:38:19,500 INFO sqlalchemy.engine.Engine [cached since 0.01795s ago] (UUID('7dc5c7d2-85a6-4efb-a79c-3febcf32b8b1'),)
2026-05-28 15:38:19,502 INFO sqlalchemy.engine.Engine SELECT fields.id, fields.tracking_id, fields.table_id, fields.name, fields.display_name, fields.type, fields.description, fields.required, fields."unique", fields.indexed, fields.config, fields."order", fields.created_at, fields.updated_at 
FROM fields 
WHERE fields.table_id = $1::UUID ORDER BY fields."order", fields.created_at
2026-05-28 15:38:19,502 INFO sqlalchemy.engine.Engine [cached since 0.01939s ago] (UUID('2f9b51de-dbaf-4d4b-bff5-d1d851a1923a'),)
INFO:     127.0.0.1:48026 - "GET /api/schema/projects/f872f05e-aa3b-4f36-a38e-4a016955b6a4 HTTP/1.1" 200 OK
2026-05-28 15:38:19,504 INFO sqlalchemy.engine.Engine COMMIT
2026-05-28 15:38:21,926 INFO sqlalchemy.engine.Engine BEGIN (implicit)
2026-05-28 15:38:21,927 INFO sqlalchemy.engine.Engine SELECT users.id, users.tracking_id, users.email, users.name, users.surname, users.birth_place, users.birth_date, users.country, users.phone, users.hashed_password, users.role, users.plan, users.company_name, users.company_size, users.is_active, users.is_verified, users.created_at, users.updated_at 
FROM users 
WHERE users.tracking_id = $1::UUID
2026-05-28 15:38:21,928 INFO sqlalchemy.engine.Engine [cached since 2.497s ago] (UUID('8ee353bd-2b09-4b08-bce5-8b0569cc2036'),)
INFO:     127.0.0.1:48034 - "OPTIONS /api/workflows/f872f05e-aa3b-4f36-a38e-4a016955b6a4 HTTP/1.1" 200 OK
2026-05-28 15:38:21,935 INFO sqlalchemy.engine.Engine SELECT projects.id, projects.tracking_id, projects.name, projects.description, projects.slug, projects.status, projects.is_public, projects.config, projects.owner_id, projects.created_at, projects.updated_at 
FROM projects 
WHERE projects.tracking_id = $1::UUID
2026-05-28 15:38:21,935 INFO sqlalchemy.engine.Engine [cached since 2.481s ago] (UUID('f872f05e-aa3b-4f36-a38e-4a016955b6a4'),)
2026-05-28 15:38:21,940 INFO sqlalchemy.engine.Engine SELECT schemas.id, schemas.tracking_id, schemas.project_id, schemas.created_at, schemas.updated_at 
FROM schemas 
WHERE schemas.project_id = $1::UUID
2026-05-28 15:38:21,942 INFO sqlalchemy.engine.Engine [cached since 2.477s ago] (UUID('f872f05e-aa3b-4f36-a38e-4a016955b6a4'),)
2026-05-28 15:38:21,945 INFO sqlalchemy.engine.Engine SELECT tables_schema.id, tables_schema.tracking_id, tables_schema.schema_id, tables_schema.name, tables_schema.display_name, tables_schema.description, tables_schema.icon, tables_schema.created_at, tables_schema.updated_at 
FROM tables_schema 
WHERE tables_schema.schema_id = $1::UUID ORDER BY tables_schema.created_at DESC
2026-05-28 15:38:21,945 INFO sqlalchemy.engine.Engine [cached since 2.477s ago] (UUID('a00721b3-2cd2-4937-a2f3-d6e22cd508bc'),)
2026-05-28 15:38:21,953 INFO sqlalchemy.engine.Engine SELECT relations.id, relations.tracking_id, relations.schema_id, relations.source_table_id, relations.target_table_id, relations.name, relations.type, relations.description, relations.source_key, relations.target_key, relations.created_at, relations.updated_at 
FROM relations 
WHERE relations.schema_id = $1::UUID ORDER BY relations.created_at DESC
2026-05-28 15:38:21,953 INFO sqlalchemy.engine.Engine [cached since 2.481s ago] (UUID('a00721b3-2cd2-4937-a2f3-d6e22cd508bc'),)
2026-05-28 15:38:21,955 INFO sqlalchemy.engine.Engine SELECT fields.id, fields.tracking_id, fields.table_id, fields.name, fields.display_name, fields.type, fields.description, fields.required, fields."unique", fields.indexed, fields.config, fields."order", fields.created_at, fields.updated_at 
FROM fields 
WHERE fields.table_id = $1::UUID ORDER BY fields."order", fields.created_at
2026-05-28 15:38:21,955 INFO sqlalchemy.engine.Engine [cached since 2.473s ago] (UUID('b8107ede-6ff2-4df8-8978-ed224180a57a'),)
2026-05-28 15:38:21,958 INFO sqlalchemy.engine.Engine SELECT fields.id, fields.tracking_id, fields.table_id, fields.name, fields.display_name, fields.type, fields.description, fields.required, fields."unique", fields.indexed, fields.config, fields."order", fields.created_at, fields.updated_at 
FROM fields 
WHERE fields.table_id = $1::UUID ORDER BY fields."order", fields.created_at
2026-05-28 15:38:21,958 INFO sqlalchemy.engine.Engine [cached since 2.476s ago] (UUID('5e182d47-0b71-4fbc-b779-d508a07226c8'),)
2026-05-28 15:38:21,962 INFO sqlalchemy.engine.Engine SELECT fields.id, fields.tracking_id, fields.table_id, fields.name, fields.display_name, fields.type, fields.description, fields.required, fields."unique", fields.indexed, fields.config, fields."order", fields.created_at, fields.updated_at 
FROM fields 
WHERE fields.table_id = $1::UUID ORDER BY fields."order", fields.created_at
2026-05-28 15:38:21,962 INFO sqlalchemy.engine.Engine [cached since 2.48s ago] (UUID('95b4028d-124b-4a68-8666-c2f900ab37f5'),)
2026-05-28 15:38:21,965 INFO sqlalchemy.engine.Engine SELECT fields.id, fields.tracking_id, fields.table_id, fields.name, fields.display_name, fields.type, fields.description, fields.required, fields."unique", fields.indexed, fields.config, fields."order", fields.created_at, fields.updated_at 
FROM fields 
WHERE fields.table_id = $1::UUID ORDER BY fields."order", fields.created_at
2026-05-28 15:38:21,965 INFO sqlalchemy.engine.Engine [cached since 2.482s ago] (UUID('2f3a1db3-14d8-4d05-b6cc-58b65e70d422'),)
2026-05-28 15:38:21,968 INFO sqlalchemy.engine.Engine SELECT fields.id, fields.tracking_id, fields.table_id, fields.name, fields.display_name, fields.type, fields.description, fields.required, fields."unique", fields.indexed, fields.config, fields."order", fields.created_at, fields.updated_at 
FROM fields 
WHERE fields.table_id = $1::UUID ORDER BY fields."order", fields.created_at
2026-05-28 15:38:21,968 INFO sqlalchemy.engine.Engine [cached since 2.485s ago] (UUID('485687fc-a05d-4983-a83b-dd9be09f2c0d'),)
2026-05-28 15:38:21,969 INFO sqlalchemy.engine.Engine SELECT fields.id, fields.tracking_id, fields.table_id, fields.name, fields.display_name, fields.type, fields.description, fields.required, fields."unique", fields.indexed, fields.config, fields."order", fields.created_at, fields.updated_at 
FROM fields 
WHERE fields.table_id = $1::UUID ORDER BY fields."order", fields.created_at
2026-05-28 15:38:21,969 INFO sqlalchemy.engine.Engine [cached since 2.487s ago] (UUID('91bf4425-09c6-4929-830d-5622cc61935d'),)
2026-05-28 15:38:22,015 INFO sqlalchemy.engine.Engine SELECT fields.id, fields.tracking_id, fields.table_id, fields.name, fields.display_name, fields.type, fields.description, fields.required, fields."unique", fields.indexed, fields.config, fields."order", fields.created_at, fields.updated_at 
FROM fields 
WHERE fields.table_id = $1::UUID ORDER BY fields."order", fields.created_at
2026-05-28 15:38:22,015 INFO sqlalchemy.engine.Engine [cached since 2.533s ago] (UUID('7dc5c7d2-85a6-4efb-a79c-3febcf32b8b1'),)
2026-05-28 15:38:22,016 INFO sqlalchemy.engine.Engine BEGIN (implicit)
2026-05-28 15:38:22,017 INFO sqlalchemy.engine.Engine SELECT users.id, users.tracking_id, users.email, users.name, users.surname, users.birth_place, users.birth_date, users.country, users.phone, users.hashed_password, users.role, users.plan, users.company_name, users.company_size, users.is_active, users.is_verified, users.created_at, users.updated_at 
FROM users 
WHERE users.tracking_id = $1::UUID
2026-05-28 15:38:22,017 INFO sqlalchemy.engine.Engine [cached since 2.586s ago] (UUID('8ee353bd-2b09-4b08-bce5-8b0569cc2036'),)
2026-05-28 15:38:22,018 INFO sqlalchemy.engine.Engine SELECT fields.id, fields.tracking_id, fields.table_id, fields.name, fields.display_name, fields.type, fields.description, fields.required, fields."unique", fields.indexed, fields.config, fields."order", fields.created_at, fields.updated_at 
FROM fields 
WHERE fields.table_id = $1::UUID ORDER BY fields."order", fields.created_at
2026-05-28 15:38:22,018 INFO sqlalchemy.engine.Engine [cached since 2.536s ago] (UUID('2f9b51de-dbaf-4d4b-bff5-d1d851a1923a'),)
INFO:     127.0.0.1:48026 - "GET /api/schema/projects/f872f05e-aa3b-4f36-a38e-4a016955b6a4 HTTP/1.1" 200 OK
2026-05-28 15:38:22,020 INFO sqlalchemy.engine.Engine COMMIT
2026-05-28 15:38:22,042 INFO sqlalchemy.engine.Engine SELECT workflows.id, workflows.tracking_id, workflows.project_id, workflows.nom, workflows.description, workflows.actif, workflows.created_at, workflows.updated_at 
FROM workflows 
WHERE workflows.project_id = $1::UUID ORDER BY workflows.created_at DESC
2026-05-28 15:38:22,042 INFO sqlalchemy.engine.Engine [generated in 0.00031s] (UUID('f872f05e-aa3b-4f36-a38e-4a016955b6a4'),)
INFO:     127.0.0.1:48034 - "GET /api/workflows/f872f05e-aa3b-4f36-a38e-4a016955b6a4 HTTP/1.1" 200 OK
2026-05-28 15:38:22,046 INFO sqlalchemy.engine.Engine COMMIT
WARNING:  WatchFiles detected changes in 'app/modules/ai/service.py'. Reloading...
INFO:     Shutting down
INFO:     Waiting for application shutdown.
INFO:     Application shutdown complete.
INFO:     Finished server process [3252438]
INFO:     Started server process [3253370]
INFO:     Waiting for application startup.
INFO:     Application startup complete.
WARNING:  WatchFiles detected changes in 'app/modules/ai/service.py'. Reloading...
INFO:     Shutting down
INFO:     Waiting for application shutdown.
INFO:     Application shutdown complete.
INFO:     Finished server process [3253370]
INFO:     Started server process [3253519]
INFO:     Waiting for application startup.
INFO:     Application startup complete.
WARNING:  WatchFiles detected changes in 'app/modules/ai/prompts.py'. Reloading...
INFO:     Shutting down
INFO:     Waiting for application shutdown.
INFO:     Application shutdown complete.
INFO:     Finished server process [3253519]
INFO:     Started server process [3253614]
INFO:     Waiting for application startup.
INFO:     Application startup complete.
2026-05-28 15:43:44,416 INFO sqlalchemy.engine.Engine select pg_catalog.version()
2026-05-28 15:43:44,416 INFO sqlalchemy.engine.Engine [raw sql] ()
2026-05-28 15:43:44,420 INFO sqlalchemy.engine.Engine select current_schema()
2026-05-28 15:43:44,420 INFO sqlalchemy.engine.Engine [raw sql] ()
2026-05-28 15:43:44,423 INFO sqlalchemy.engine.Engine show standard_conforming_strings
2026-05-28 15:43:44,423 INFO sqlalchemy.engine.Engine [raw sql] ()
2026-05-28 15:43:44,426 INFO sqlalchemy.engine.Engine BEGIN (implicit)
2026-05-28 15:43:44,532 INFO sqlalchemy.engine.Engine SELECT users.id, users.tracking_id, users.email, users.name, users.surname, users.birth_place, users.birth_date, users.country, users.phone, users.hashed_password, users.role, users.plan, users.company_name, users.company_size, users.is_active, users.is_verified, users.created_at, users.updated_at 
FROM users 
WHERE users.tracking_id = $1::UUID
2026-05-28 15:43:44,532 INFO sqlalchemy.engine.Engine [generated in 0.00028s] (UUID('8ee353bd-2b09-4b08-bce5-8b0569cc2036'),)
2026-05-28 15:43:44,648 INFO sqlalchemy.engine.Engine SELECT projects.id, projects.tracking_id, projects.name, projects.description, projects.slug, projects.status, projects.is_public, projects.config, projects.owner_id, projects.created_at, projects.updated_at 
FROM projects 
WHERE projects.tracking_id = $1::UUID
2026-05-28 15:43:44,648 INFO sqlalchemy.engine.Engine [generated in 0.00028s] (UUID('f872f05e-aa3b-4f36-a38e-4a016955b6a4'),)
2026-05-28 15:43:44,665 INFO sqlalchemy.engine.Engine SELECT conversations.id, conversations.tracking_id, conversations.project_id, conversations.title, conversations.created_at, conversations.updated_at 
FROM conversations 
WHERE conversations.project_id = $1::UUID
2026-05-28 15:43:44,665 INFO sqlalchemy.engine.Engine [generated in 0.00031s] (UUID('f872f05e-aa3b-4f36-a38e-4a016955b6a4'),)
2026-05-28 15:43:44,671 INFO sqlalchemy.engine.Engine SELECT conversations.id, conversations.tracking_id, conversations.project_id, conversations.title, conversations.created_at, conversations.updated_at 
FROM conversations 
WHERE conversations.tracking_id = $1::UUID
2026-05-28 15:43:44,671 INFO sqlalchemy.engine.Engine [generated in 0.00031s] (UUID('3a056288-7230-4057-a3e0-ecfddf570b32'),)
2026-05-28 15:43:44,684 INFO sqlalchemy.engine.Engine SELECT conversations_1.id AS conversations_1_id, messages.id AS messages_id, messages.tracking_id AS messages_tracking_id, messages.conversation_id AS messages_conversation_id, messages.role AS messages_role, messages.content AS messages_content, messages.created_at AS messages_created_at 
FROM conversations AS conversations_1 JOIN messages ON conversations_1.tracking_id = messages.conversation_id 
WHERE conversations_1.id IN ($1::INTEGER) ORDER BY messages.created_at ASC
2026-05-28 15:43:44,684 INFO sqlalchemy.engine.Engine [generated in 0.00038s] (7,)
2026-05-28 15:43:44,696 INFO sqlalchemy.engine.Engine INSERT INTO messages (tracking_id, conversation_id, role, content) VALUES ($1::UUID, $2::UUID, $3::messagerole, $4::VARCHAR) RETURNING messages.id, messages.created_at
2026-05-28 15:43:44,697 INFO sqlalchemy.engine.Engine [generated in 0.00041s] (UUID('9ed1cd04-2f71-4459-8979-3e8e314ccdde'), UUID('3a056288-7230-4057-a3e0-ecfddf570b32'), 'USER', 'est ce que tu peux me creer une interface corectement pour ce porjet')
2026-05-28 15:43:44,700 INFO sqlalchemy.engine.Engine SELECT messages.id, messages.tracking_id, messages.conversation_id, messages.role, messages.content, messages.created_at 
FROM messages 
WHERE messages.id = $1::INTEGER
2026-05-28 15:43:44,701 INFO sqlalchemy.engine.Engine [generated in 0.00021s] (51,)
2026-05-28 15:43:44,703 INFO sqlalchemy.engine.Engine SELECT messages.id, messages.tracking_id, messages.conversation_id, messages.role, messages.content, messages.created_at 
FROM messages 
WHERE messages.conversation_id = $1::UUID ORDER BY messages.created_at ASC 
 LIMIT $2::INTEGER
2026-05-28 15:43:44,704 INFO sqlalchemy.engine.Engine [generated in 0.00022s] (UUID('3a056288-7230-4057-a3e0-ecfddf570b32'), 20)
2026-05-28 15:43:44,707 INFO sqlalchemy.engine.Engine SELECT schemas.id, schemas.tracking_id, schemas.project_id, schemas.created_at, schemas.updated_at 
FROM schemas 
WHERE schemas.project_id = $1::UUID
2026-05-28 15:43:44,708 INFO sqlalchemy.engine.Engine [generated in 0.00038s] (UUID('f872f05e-aa3b-4f36-a38e-4a016955b6a4'),)
2026-05-28 15:43:44,713 INFO sqlalchemy.engine.Engine SELECT tables_schema.id, tables_schema.tracking_id, tables_schema.schema_id, tables_schema.name, tables_schema.display_name, tables_schema.description, tables_schema.icon, tables_schema.created_at, tables_schema.updated_at 
FROM tables_schema 
WHERE tables_schema.schema_id = $1::UUID ORDER BY tables_schema.created_at DESC
2026-05-28 15:43:44,713 INFO sqlalchemy.engine.Engine [generated in 0.00024s] (UUID('a00721b3-2cd2-4937-a2f3-d6e22cd508bc'),)
2026-05-28 15:43:44,717 INFO sqlalchemy.engine.Engine SELECT fields.id, fields.tracking_id, fields.table_id, fields.name, fields.display_name, fields.type, fields.description, fields.required, fields."unique", fields.indexed, fields.config, fields."order", fields.created_at, fields.updated_at 
FROM fields 
WHERE fields.table_id = $1::UUID ORDER BY fields.created_at
2026-05-28 15:43:44,717 INFO sqlalchemy.engine.Engine [generated in 0.00024s] (UUID('b8107ede-6ff2-4df8-8978-ed224180a57a'),)
2026-05-28 15:43:44,726 INFO sqlalchemy.engine.Engine SELECT fields.id, fields.tracking_id, fields.table_id, fields.name, fields.display_name, fields.type, fields.description, fields.required, fields."unique", fields.indexed, fields.config, fields."order", fields.created_at, fields.updated_at 
FROM fields 
WHERE fields.table_id = $1::UUID ORDER BY fields.created_at
2026-05-28 15:43:44,726 INFO sqlalchemy.engine.Engine [cached since 0.008706s ago] (UUID('5e182d47-0b71-4fbc-b779-d508a07226c8'),)
2026-05-28 15:43:44,728 INFO sqlalchemy.engine.Engine SELECT fields.id, fields.tracking_id, fields.table_id, fields.name, fields.display_name, fields.type, fields.description, fields.required, fields."unique", fields.indexed, fields.config, fields."order", fields.created_at, fields.updated_at 
FROM fields 
WHERE fields.table_id = $1::UUID ORDER BY fields.created_at
2026-05-28 15:43:44,729 INFO sqlalchemy.engine.Engine [cached since 0.01133s ago] (UUID('95b4028d-124b-4a68-8666-c2f900ab37f5'),)
2026-05-28 15:43:44,730 INFO sqlalchemy.engine.Engine SELECT fields.id, fields.tracking_id, fields.table_id, fields.name, fields.display_name, fields.type, fields.description, fields.required, fields."unique", fields.indexed, fields.config, fields."order", fields.created_at, fields.updated_at 
FROM fields 
WHERE fields.table_id = $1::UUID ORDER BY fields.created_at
2026-05-28 15:43:44,730 INFO sqlalchemy.engine.Engine [cached since 0.01307s ago] (UUID('2f3a1db3-14d8-4d05-b6cc-58b65e70d422'),)
2026-05-28 15:43:44,732 INFO sqlalchemy.engine.Engine SELECT fields.id, fields.tracking_id, fields.table_id, fields.name, fields.display_name, fields.type, fields.description, fields.required, fields."unique", fields.indexed, fields.config, fields."order", fields.created_at, fields.updated_at 
FROM fields 
WHERE fields.table_id = $1::UUID ORDER BY fields.created_at
2026-05-28 15:43:44,732 INFO sqlalchemy.engine.Engine [cached since 0.01461s ago] (UUID('485687fc-a05d-4983-a83b-dd9be09f2c0d'),)
2026-05-28 15:43:44,733 INFO sqlalchemy.engine.Engine SELECT fields.id, fields.tracking_id, fields.table_id, fields.name, fields.display_name, fields.type, fields.description, fields.required, fields."unique", fields.indexed, fields.config, fields."order", fields.created_at, fields.updated_at 
FROM fields 
WHERE fields.table_id = $1::UUID ORDER BY fields.created_at
2026-05-28 15:43:44,733 INFO sqlalchemy.engine.Engine [cached since 0.01612s ago] (UUID('91bf4425-09c6-4929-830d-5622cc61935d'),)
2026-05-28 15:43:44,736 INFO sqlalchemy.engine.Engine SELECT relations.id, relations.tracking_id, relations.schema_id, relations.source_table_id, relations.target_table_id, relations.name, relations.type, relations.description, relations.source_key, relations.target_key, relations.created_at, relations.updated_at 
FROM relations 
WHERE relations.schema_id = $1::UUID ORDER BY relations.created_at DESC
2026-05-28 15:43:44,736 INFO sqlalchemy.engine.Engine [generated in 0.00022s] (UUID('a00721b3-2cd2-4937-a2f3-d6e22cd508bc'),)
2026-05-28 15:43:44,747 INFO sqlalchemy.engine.Engine SELECT interfaces.id, interfaces.tracking_id, interfaces.project_id, interfaces.version, interfaces.created_at, interfaces.updated_at 
FROM interfaces 
WHERE interfaces.project_id = $1::UUID
2026-05-28 15:43:44,747 INFO sqlalchemy.engine.Engine [generated in 0.00030s] (UUID('f872f05e-aa3b-4f36-a38e-4a016955b6a4'),)
2026-05-28 15:43:44,751 INFO sqlalchemy.engine.Engine SELECT pages.id, pages.tracking_id, pages.interface_id, pages.nom, pages.chemin, pages.type_page, pages.est_accueil, pages.ordre, pages.created_at 
FROM pages 
WHERE pages.interface_id = $1::UUID ORDER BY pages.created_at
2026-05-28 15:43:44,751 INFO sqlalchemy.engine.Engine [generated in 0.00023s] (UUID('992785f9-0b90-4abe-b02f-9ee1152b80c8'),)
2026-05-28 15:43:44,778 INFO sqlalchemy.engine.Engine SELECT composants.id, composants.tracking_id, composants.page_id, composants.parent_id, composants.type, composants.position_x, composants.position_y, composants.largeur, composants.hauteur, composants.styles, composants.config, composants.connecte_a, composants.ordre, composants.created_at 
FROM composants 
WHERE composants.page_id = $1::UUID
2026-05-28 15:43:44,778 INFO sqlalchemy.engine.Engine [generated in 0.00037s] (UUID('56da4c71-bbca-4b80-be3a-ae350549fe26'),)
2026-05-28 15:43:44,786 INFO sqlalchemy.engine.Engine SELECT composants.id, composants.tracking_id, composants.page_id, composants.parent_id, composants.type, composants.position_x, composants.position_y, composants.largeur, composants.hauteur, composants.styles, composants.config, composants.connecte_a, composants.ordre, composants.created_at 
FROM composants 
WHERE composants.page_id = $1::UUID
2026-05-28 15:43:44,786 INFO sqlalchemy.engine.Engine [cached since 0.007916s ago] (UUID('5c1bdeac-cd4f-465e-96ac-dc62de21abc3'),)
2026-05-28 15:43:44,787 INFO sqlalchemy.engine.Engine SELECT composants.id, composants.tracking_id, composants.page_id, composants.parent_id, composants.type, composants.position_x, composants.position_y, composants.largeur, composants.hauteur, composants.styles, composants.config, composants.connecte_a, composants.ordre, composants.created_at 
FROM composants 
WHERE composants.page_id = $1::UUID
2026-05-28 15:43:44,787 INFO sqlalchemy.engine.Engine [cached since 0.009418s ago] (UUID('55389321-bda7-49f2-b0ee-82ab14a84dd2'),)
2026-05-28 15:43:44,788 INFO sqlalchemy.engine.Engine SELECT composants.id, composants.tracking_id, composants.page_id, composants.parent_id, composants.type, composants.position_x, composants.position_y, composants.largeur, composants.hauteur, composants.styles, composants.config, composants.connecte_a, composants.ordre, composants.created_at 
FROM composants 
WHERE composants.page_id = $1::UUID
2026-05-28 15:43:44,789 INFO sqlalchemy.engine.Engine [cached since 0.01081s ago] (UUID('bb55aadf-f02d-4659-bb51-139e6b6c0628'),)
2026-05-28 15:43:44,791 INFO sqlalchemy.engine.Engine SELECT composants.id, composants.tracking_id, composants.page_id, composants.parent_id, composants.type, composants.position_x, composants.position_y, composants.largeur, composants.hauteur, composants.styles, composants.config, composants.connecte_a, composants.ordre, composants.created_at 
FROM composants 
WHERE composants.page_id = $1::UUID
2026-05-28 15:43:44,791 INFO sqlalchemy.engine.Engine [cached since 0.01319s ago] (UUID('13eafd0e-2ad7-40e3-82dd-effacb8ac150'),)
2026-05-28 15:43:44,793 INFO sqlalchemy.engine.Engine SELECT composants.id, composants.tracking_id, composants.page_id, composants.parent_id, composants.type, composants.position_x, composants.position_y, composants.largeur, composants.hauteur, composants.styles, composants.config, composants.connecte_a, composants.ordre, composants.created_at 
FROM composants 
WHERE composants.page_id = $1::UUID
2026-05-28 15:43:44,793 INFO sqlalchemy.engine.Engine [cached since 0.01566s ago] (UUID('dbe341df-ad35-497f-acd9-fb76038496a9'),)
2026-05-28 15:43:52,202 INFO sqlalchemy.engine.Engine BEGIN (implicit)
2026-05-28 15:43:52,202 INFO sqlalchemy.engine.Engine SELECT users.id, users.tracking_id, users.email, users.name, users.surname, users.birth_place, users.birth_date, users.country, users.phone, users.hashed_password, users.role, users.plan, users.company_name, users.company_size, users.is_active, users.is_verified, users.created_at, users.updated_at 
FROM users 
WHERE users.tracking_id = $1::UUID
2026-05-28 15:43:52,202 INFO sqlalchemy.engine.Engine [cached since 7.67s ago] (UUID('8ee353bd-2b09-4b08-bce5-8b0569cc2036'),)
2026-05-28 15:43:52,203 INFO sqlalchemy.engine.Engine BEGIN (implicit)
2026-05-28 15:43:52,203 INFO sqlalchemy.engine.Engine SELECT users.id, users.tracking_id, users.email, users.name, users.surname, users.birth_place, users.birth_date, users.country, users.phone, users.hashed_password, users.role, users.plan, users.company_name, users.company_size, users.is_active, users.is_verified, users.created_at, users.updated_at 
FROM users 
WHERE users.tracking_id = $1::UUID
2026-05-28 15:43:52,203 INFO sqlalchemy.engine.Engine [cached since 7.671s ago] (UUID('8ee353bd-2b09-4b08-bce5-8b0569cc2036'),)
2026-05-28 15:43:52,230 INFO sqlalchemy.engine.Engine SELECT workflows.id, workflows.tracking_id, workflows.project_id, workflows.nom, workflows.description, workflows.actif, workflows.created_at, workflows.updated_at 
FROM workflows 
WHERE workflows.project_id = $1::UUID ORDER BY workflows.created_at DESC
2026-05-28 15:43:52,230 INFO sqlalchemy.engine.Engine [generated in 0.00044s] (UUID('f872f05e-aa3b-4f36-a38e-4a016955b6a4'),)
2026-05-28 15:43:52,231 INFO sqlalchemy.engine.Engine SELECT projects.id, projects.tracking_id, projects.name, projects.description, projects.slug, projects.status, projects.is_public, projects.config, projects.owner_id, projects.created_at, projects.updated_at 
FROM projects 
WHERE projects.tracking_id = $1::UUID
2026-05-28 15:43:52,231 INFO sqlalchemy.engine.Engine [cached since 7.583s ago] (UUID('f872f05e-aa3b-4f36-a38e-4a016955b6a4'),)
INFO:     127.0.0.1:39296 - "GET /api/workflows/f872f05e-aa3b-4f36-a38e-4a016955b6a4 HTTP/1.1" 200 OK
2026-05-28 15:43:52,234 INFO sqlalchemy.engine.Engine COMMIT
2026-05-28 15:43:52,243 INFO sqlalchemy.engine.Engine SELECT schemas.id, schemas.tracking_id, schemas.project_id, schemas.created_at, schemas.updated_at 
FROM schemas 
WHERE schemas.project_id = $1::UUID
2026-05-28 15:43:52,243 INFO sqlalchemy.engine.Engine [cached since 7.536s ago] (UUID('f872f05e-aa3b-4f36-a38e-4a016955b6a4'),)
2026-05-28 15:43:52,247 INFO sqlalchemy.engine.Engine SELECT tables_schema.id, tables_schema.tracking_id, tables_schema.schema_id, tables_schema.name, tables_schema.display_name, tables_schema.description, tables_schema.icon, tables_schema.created_at, tables_schema.updated_at 
FROM tables_schema 
WHERE tables_schema.schema_id = $1::UUID ORDER BY tables_schema.created_at DESC
2026-05-28 15:43:52,247 INFO sqlalchemy.engine.Engine [cached since 7.535s ago] (UUID('a00721b3-2cd2-4937-a2f3-d6e22cd508bc'),)
2026-05-28 15:43:52,249 INFO sqlalchemy.engine.Engine SELECT relations.id, relations.tracking_id, relations.schema_id, relations.source_table_id, relations.target_table_id, relations.name, relations.type, relations.description, relations.source_key, relations.target_key, relations.created_at, relations.updated_at 
FROM relations 
WHERE relations.schema_id = $1::UUID ORDER BY relations.created_at DESC
2026-05-28 15:43:52,250 INFO sqlalchemy.engine.Engine [cached since 7.513s ago] (UUID('a00721b3-2cd2-4937-a2f3-d6e22cd508bc'),)
2026-05-28 15:43:52,258 INFO sqlalchemy.engine.Engine SELECT fields.id, fields.tracking_id, fields.table_id, fields.name, fields.display_name, fields.type, fields.description, fields.required, fields."unique", fields.indexed, fields.config, fields."order", fields.created_at, fields.updated_at 
FROM fields 
WHERE fields.table_id = $1::UUID ORDER BY fields."order", fields.created_at
2026-05-28 15:43:52,258 INFO sqlalchemy.engine.Engine [generated in 0.00032s] (UUID('b8107ede-6ff2-4df8-8978-ed224180a57a'),)
2026-05-28 15:43:52,267 INFO sqlalchemy.engine.Engine SELECT fields.id, fields.tracking_id, fields.table_id, fields.name, fields.display_name, fields.type, fields.description, fields.required, fields."unique", fields.indexed, fields.config, fields."order", fields.created_at, fields.updated_at 
FROM fields 
WHERE fields.table_id = $1::UUID ORDER BY fields."order", fields.created_at
2026-05-28 15:43:52,267 INFO sqlalchemy.engine.Engine [cached since 0.008729s ago] (UUID('5e182d47-0b71-4fbc-b779-d508a07226c8'),)
2026-05-28 15:43:52,268 INFO sqlalchemy.engine.Engine SELECT fields.id, fields.tracking_id, fields.table_id, fields.name, fields.display_name, fields.type, fields.description, fields.required, fields."unique", fields.indexed, fields.config, fields."order", fields.created_at, fields.updated_at 
FROM fields 
WHERE fields.table_id = $1::UUID ORDER BY fields."order", fields.created_at
2026-05-28 15:43:52,268 INFO sqlalchemy.engine.Engine [cached since 0.01037s ago] (UUID('95b4028d-124b-4a68-8666-c2f900ab37f5'),)
2026-05-28 15:43:52,270 INFO sqlalchemy.engine.Engine SELECT fields.id, fields.tracking_id, fields.table_id, fields.name, fields.display_name, fields.type, fields.description, fields.required, fields."unique", fields.indexed, fields.config, fields."order", fields.created_at, fields.updated_at 
FROM fields 
WHERE fields.table_id = $1::UUID ORDER BY fields."order", fields.created_at
2026-05-28 15:43:52,270 INFO sqlalchemy.engine.Engine [cached since 0.01204s ago] (UUID('2f3a1db3-14d8-4d05-b6cc-58b65e70d422'),)
2026-05-28 15:43:52,271 INFO sqlalchemy.engine.Engine SELECT fields.id, fields.tracking_id, fields.table_id, fields.name, fields.display_name, fields.type, fields.description, fields.required, fields."unique", fields.indexed, fields.config, fields."order", fields.created_at, fields.updated_at 
FROM fields 
WHERE fields.table_id = $1::UUID ORDER BY fields."order", fields.created_at
2026-05-28 15:43:52,272 INFO sqlalchemy.engine.Engine [cached since 0.01364s ago] (UUID('485687fc-a05d-4983-a83b-dd9be09f2c0d'),)
2026-05-28 15:43:52,274 INFO sqlalchemy.engine.Engine SELECT fields.id, fields.tracking_id, fields.table_id, fields.name, fields.display_name, fields.type, fields.description, fields.required, fields."unique", fields.indexed, fields.config, fields."order", fields.created_at, fields.updated_at 
FROM fields 
WHERE fields.table_id = $1::UUID ORDER BY fields."order", fields.created_at
2026-05-28 15:43:52,275 INFO sqlalchemy.engine.Engine [cached since 0.01641s ago] (UUID('91bf4425-09c6-4929-830d-5622cc61935d'),)
2026-05-28 15:43:52,278 INFO sqlalchemy.engine.Engine SELECT fields.id, fields.tracking_id, fields.table_id, fields.name, fields.display_name, fields.type, fields.description, fields.required, fields."unique", fields.indexed, fields.config, fields."order", fields.created_at, fields.updated_at 
FROM fields 
WHERE fields.table_id = $1::UUID ORDER BY fields."order", fields.created_at
2026-05-28 15:43:52,278 INFO sqlalchemy.engine.Engine [cached since 0.01985s ago] (UUID('7dc5c7d2-85a6-4efb-a79c-3febcf32b8b1'),)
2026-05-28 15:43:52,280 INFO sqlalchemy.engine.Engine SELECT fields.id, fields.tracking_id, fields.table_id, fields.name, fields.display_name, fields.type, fields.description, fields.required, fields."unique", fields.indexed, fields.config, fields."order", fields.created_at, fields.updated_at 
FROM fields 
WHERE fields.table_id = $1::UUID ORDER BY fields."order", fields.created_at
2026-05-28 15:43:52,280 INFO sqlalchemy.engine.Engine [cached since 0.02196s ago] (UUID('2f9b51de-dbaf-4d4b-bff5-d1d851a1923a'),)
INFO:     127.0.0.1:39288 - "GET /api/schema/projects/f872f05e-aa3b-4f36-a38e-4a016955b6a4 HTTP/1.1" 200 OK
2026-05-28 15:43:52,282 INFO sqlalchemy.engine.Engine COMMIT
🛠️ [AI TOOL] Calling generate_interface...
❌ [AI TOOL ERROR] Tool 'generate_interface' failed: name 'time' is not defined
2026-05-28 15:44:00,235 INFO sqlalchemy.engine.Engine INSERT INTO messages (tracking_id, conversation_id, role, content) VALUES ($1::UUID, $2::UUID, $3::messagerole, $4::VARCHAR) RETURNING messages.id, messages.created_at
2026-05-28 15:44:00,235 INFO sqlalchemy.engine.Engine [cached since 15.54s ago] (UUID('ce7ae50f-f1c1-4a15-8306-c4b9408ffddd'), UUID('3a056288-7230-4057-a3e0-ecfddf570b32'), 'ASSISTANT', "Parfait ! Je vais créer une interface complète et professionnelle pour votre application de gestion de garage. Voici ce que je vais mettre en place : ... (780 characters truncated) ... ns\n\nJe lance la création maintenant ! 🚀\n\n---\n\n⚠️ Une erreur est survenue lors de la tentative de 'generate_interface'. L'équipe a été notifiée.")
2026-05-28 15:44:00,253 INFO sqlalchemy.engine.Engine SELECT messages.id, messages.tracking_id, messages.conversation_id, messages.role, messages.content, messages.created_at 
FROM messages 
WHERE messages.id = $1::INTEGER
2026-05-28 15:44:00,253 INFO sqlalchemy.engine.Engine [cached since 15.55s ago] (52,)
2026-05-28 15:44:00,254 INFO sqlalchemy.engine.Engine COMMIT
INFO:     127.0.0.1:39278 - "POST /api/ai/projects/f872f05e-aa3b-4f36-a38e-4a016955b6a4/chat HTTP/1.1" 201 Created
WARNING:  WatchFiles detected changes in 'app/modules/ai/service.py'. Reloading...
INFO:     Shutting down
INFO:     Waiting for application shutdown.
INFO:     Application shutdown complete.
INFO:     Finished server process [3253614]
INFO:     Started server process [3255463]
INFO:     Waiting for application startup.
INFO:     Application startup complete.
INFO:     127.0.0.1:39234 - "OPTIONS /api/ai/projects/f872f05e-aa3b-4f36-a38e-4a016955b6a4/chat HTTP/1.1" 200 OK
INFO:     127.0.0.1:39234 - "POST /api/ai/projects/f872f05e-aa3b-4f36-a38e-4a016955b6a4/chat HTTP/1.1" 401 Unauthorized
INFO:     127.0.0.1:39234 - "OPTIONS /api/auth/refresh HTTP/1.1" 200 OK
2026-05-28 15:48:25,602 INFO sqlalchemy.engine.Engine select pg_catalog.version()
2026-05-28 15:48:25,602 INFO sqlalchemy.engine.Engine [raw sql] ()
2026-05-28 15:48:25,604 INFO sqlalchemy.engine.Engine select current_schema()
2026-05-28 15:48:25,604 INFO sqlalchemy.engine.Engine [raw sql] ()
2026-05-28 15:48:25,606 INFO sqlalchemy.engine.Engine show standard_conforming_strings
2026-05-28 15:48:25,606 INFO sqlalchemy.engine.Engine [raw sql] ()
2026-05-28 15:48:25,607 INFO sqlalchemy.engine.Engine BEGIN (implicit)
2026-05-28 15:48:25,671 INFO sqlalchemy.engine.Engine SELECT users.id, users.tracking_id, users.email, users.name, users.surname, users.birth_place, users.birth_date, users.country, users.phone, users.hashed_password, users.role, users.plan, users.company_name, users.company_size, users.is_active, users.is_verified, users.created_at, users.updated_at 
FROM users 
WHERE users.tracking_id = $1::UUID
2026-05-28 15:48:25,671 INFO sqlalchemy.engine.Engine [generated in 0.00027s] (UUID('8ee353bd-2b09-4b08-bce5-8b0569cc2036'),)
INFO:     127.0.0.1:39234 - "POST /api/auth/refresh HTTP/1.1" 200 OK
2026-05-28 15:48:25,688 INFO sqlalchemy.engine.Engine COMMIT
2026-05-28 15:48:25,697 INFO sqlalchemy.engine.Engine BEGIN (implicit)
2026-05-28 15:48:25,697 INFO sqlalchemy.engine.Engine SELECT users.id, users.tracking_id, users.email, users.name, users.surname, users.birth_place, users.birth_date, users.country, users.phone, users.hashed_password, users.role, users.plan, users.company_name, users.company_size, users.is_active, users.is_verified, users.created_at, users.updated_at 
FROM users 
WHERE users.tracking_id = $1::UUID
2026-05-28 15:48:25,697 INFO sqlalchemy.engine.Engine [cached since 0.02637s ago] (UUID('8ee353bd-2b09-4b08-bce5-8b0569cc2036'),)
2026-05-28 15:48:25,791 INFO sqlalchemy.engine.Engine SELECT projects.id, projects.tracking_id, projects.name, projects.description, projects.slug, projects.status, projects.is_public, projects.config, projects.owner_id, projects.created_at, projects.updated_at 
FROM projects 
WHERE projects.tracking_id = $1::UUID
2026-05-28 15:48:25,791 INFO sqlalchemy.engine.Engine [generated in 0.00024s] (UUID('f872f05e-aa3b-4f36-a38e-4a016955b6a4'),)
2026-05-28 15:48:25,803 INFO sqlalchemy.engine.Engine SELECT conversations.id, conversations.tracking_id, conversations.project_id, conversations.title, conversations.created_at, conversations.updated_at 
FROM conversations 
WHERE conversations.project_id = $1::UUID
2026-05-28 15:48:25,803 INFO sqlalchemy.engine.Engine [generated in 0.00021s] (UUID('f872f05e-aa3b-4f36-a38e-4a016955b6a4'),)
2026-05-28 15:48:25,808 INFO sqlalchemy.engine.Engine SELECT conversations.id, conversations.tracking_id, conversations.project_id, conversations.title, conversations.created_at, conversations.updated_at 
FROM conversations 
WHERE conversations.tracking_id = $1::UUID
2026-05-28 15:48:25,808 INFO sqlalchemy.engine.Engine [generated in 0.00020s] (UUID('3a056288-7230-4057-a3e0-ecfddf570b32'),)
2026-05-28 15:48:25,817 INFO sqlalchemy.engine.Engine SELECT conversations_1.id AS conversations_1_id, messages.id AS messages_id, messages.tracking_id AS messages_tracking_id, messages.conversation_id AS messages_conversation_id, messages.role AS messages_role, messages.content AS messages_content, messages.created_at AS messages_created_at 
FROM conversations AS conversations_1 JOIN messages ON conversations_1.tracking_id = messages.conversation_id 
WHERE conversations_1.id IN ($1::INTEGER) ORDER BY messages.created_at ASC
2026-05-28 15:48:25,818 INFO sqlalchemy.engine.Engine [generated in 0.00029s] (7,)
2026-05-28 15:48:25,830 INFO sqlalchemy.engine.Engine INSERT INTO messages (tracking_id, conversation_id, role, content) VALUES ($1::UUID, $2::UUID, $3::messagerole, $4::VARCHAR) RETURNING messages.id, messages.created_at
2026-05-28 15:48:25,831 INFO sqlalchemy.engine.Engine [generated in 0.00054s] (UUID('e93685d1-8d0a-4683-a234-8757caf8330a'), UUID('3a056288-7230-4057-a3e0-ecfddf570b32'), 'USER', 'est ce que tu peux me creer une interface corectement pour ce porjet\n')
2026-05-28 15:48:25,836 INFO sqlalchemy.engine.Engine SELECT messages.id, messages.tracking_id, messages.conversation_id, messages.role, messages.content, messages.created_at 
FROM messages 
WHERE messages.id = $1::INTEGER
2026-05-28 15:48:25,836 INFO sqlalchemy.engine.Engine [generated in 0.00025s] (53,)
2026-05-28 15:48:25,839 INFO sqlalchemy.engine.Engine SELECT messages.id, messages.tracking_id, messages.conversation_id, messages.role, messages.content, messages.created_at 
FROM messages 
WHERE messages.conversation_id = $1::UUID ORDER BY messages.created_at ASC 
 LIMIT $2::INTEGER
2026-05-28 15:48:25,839 INFO sqlalchemy.engine.Engine [generated in 0.00027s] (UUID('3a056288-7230-4057-a3e0-ecfddf570b32'), 20)
2026-05-28 15:48:25,844 INFO sqlalchemy.engine.Engine SELECT schemas.id, schemas.tracking_id, schemas.project_id, schemas.created_at, schemas.updated_at 
FROM schemas 
WHERE schemas.project_id = $1::UUID
2026-05-28 15:48:25,844 INFO sqlalchemy.engine.Engine [generated in 0.00046s] (UUID('f872f05e-aa3b-4f36-a38e-4a016955b6a4'),)
2026-05-28 15:48:25,850 INFO sqlalchemy.engine.Engine SELECT tables_schema.id, tables_schema.tracking_id, tables_schema.schema_id, tables_schema.name, tables_schema.display_name, tables_schema.description, tables_schema.icon, tables_schema.created_at, tables_schema.updated_at 
FROM tables_schema 
WHERE tables_schema.schema_id = $1::UUID ORDER BY tables_schema.created_at DESC
2026-05-28 15:48:25,850 INFO sqlalchemy.engine.Engine [generated in 0.00024s] (UUID('a00721b3-2cd2-4937-a2f3-d6e22cd508bc'),)
2026-05-28 15:48:25,854 INFO sqlalchemy.engine.Engine SELECT fields.id, fields.tracking_id, fields.table_id, fields.name, fields.display_name, fields.type, fields.description, fields.required, fields."unique", fields.indexed, fields.config, fields."order", fields.created_at, fields.updated_at 
FROM fields 
WHERE fields.table_id = $1::UUID ORDER BY fields.created_at
2026-05-28 15:48:25,854 INFO sqlalchemy.engine.Engine [generated in 0.00021s] (UUID('b8107ede-6ff2-4df8-8978-ed224180a57a'),)
2026-05-28 15:48:25,863 INFO sqlalchemy.engine.Engine SELECT fields.id, fields.tracking_id, fields.table_id, fields.name, fields.display_name, fields.type, fields.description, fields.required, fields."unique", fields.indexed, fields.config, fields."order", fields.created_at, fields.updated_at 
FROM fields 
WHERE fields.table_id = $1::UUID ORDER BY fields.created_at
2026-05-28 15:48:25,864 INFO sqlalchemy.engine.Engine [cached since 0.009543s ago] (UUID('5e182d47-0b71-4fbc-b779-d508a07226c8'),)
2026-05-28 15:48:25,866 INFO sqlalchemy.engine.Engine SELECT fields.id, fields.tracking_id, fields.table_id, fields.name, fields.display_name, fields.type, fields.description, fields.required, fields."unique", fields.indexed, fields.config, fields."order", fields.created_at, fields.updated_at 
FROM fields 
WHERE fields.table_id = $1::UUID ORDER BY fields.created_at
2026-05-28 15:48:25,866 INFO sqlalchemy.engine.Engine [cached since 0.01173s ago] (UUID('95b4028d-124b-4a68-8666-c2f900ab37f5'),)
2026-05-28 15:48:25,867 INFO sqlalchemy.engine.Engine SELECT fields.id, fields.tracking_id, fields.table_id, fields.name, fields.display_name, fields.type, fields.description, fields.required, fields."unique", fields.indexed, fields.config, fields."order", fields.created_at, fields.updated_at 
FROM fields 
WHERE fields.table_id = $1::UUID ORDER BY fields.created_at
2026-05-28 15:48:25,867 INFO sqlalchemy.engine.Engine [cached since 0.01338s ago] (UUID('2f3a1db3-14d8-4d05-b6cc-58b65e70d422'),)
2026-05-28 15:48:25,869 INFO sqlalchemy.engine.Engine SELECT fields.id, fields.tracking_id, fields.table_id, fields.name, fields.display_name, fields.type, fields.description, fields.required, fields."unique", fields.indexed, fields.config, fields."order", fields.created_at, fields.updated_at 
FROM fields 
WHERE fields.table_id = $1::UUID ORDER BY fields.created_at
2026-05-28 15:48:25,869 INFO sqlalchemy.engine.Engine [cached since 0.01493s ago] (UUID('485687fc-a05d-4983-a83b-dd9be09f2c0d'),)
2026-05-28 15:48:25,870 INFO sqlalchemy.engine.Engine SELECT fields.id, fields.tracking_id, fields.table_id, fields.name, fields.display_name, fields.type, fields.description, fields.required, fields."unique", fields.indexed, fields.config, fields."order", fields.created_at, fields.updated_at 
FROM fields 
WHERE fields.table_id = $1::UUID ORDER BY fields.created_at
2026-05-28 15:48:25,870 INFO sqlalchemy.engine.Engine [cached since 0.01624s ago] (UUID('91bf4425-09c6-4929-830d-5622cc61935d'),)
2026-05-28 15:48:25,873 INFO sqlalchemy.engine.Engine SELECT relations.id, relations.tracking_id, relations.schema_id, relations.source_table_id, relations.target_table_id, relations.name, relations.type, relations.description, relations.source_key, relations.target_key, relations.created_at, relations.updated_at 
FROM relations 
WHERE relations.schema_id = $1::UUID ORDER BY relations.created_at DESC
2026-05-28 15:48:25,873 INFO sqlalchemy.engine.Engine [generated in 0.00023s] (UUID('a00721b3-2cd2-4937-a2f3-d6e22cd508bc'),)
2026-05-28 15:48:25,883 INFO sqlalchemy.engine.Engine SELECT interfaces.id, interfaces.tracking_id, interfaces.project_id, interfaces.version, interfaces.created_at, interfaces.updated_at 
FROM interfaces 
WHERE interfaces.project_id = $1::UUID
2026-05-28 15:48:25,884 INFO sqlalchemy.engine.Engine [generated in 0.00022s] (UUID('f872f05e-aa3b-4f36-a38e-4a016955b6a4'),)
2026-05-28 15:48:25,887 INFO sqlalchemy.engine.Engine SELECT pages.id, pages.tracking_id, pages.interface_id, pages.nom, pages.chemin, pages.type_page, pages.est_accueil, pages.ordre, pages.created_at 
FROM pages 
WHERE pages.interface_id = $1::UUID ORDER BY pages.created_at
2026-05-28 15:48:25,887 INFO sqlalchemy.engine.Engine [generated in 0.00023s] (UUID('992785f9-0b90-4abe-b02f-9ee1152b80c8'),)
2026-05-28 15:48:25,903 INFO sqlalchemy.engine.Engine SELECT composants.id, composants.tracking_id, composants.page_id, composants.parent_id, composants.type, composants.position_x, composants.position_y, composants.largeur, composants.hauteur, composants.styles, composants.config, composants.connecte_a, composants.ordre, composants.created_at 
FROM composants 
WHERE composants.page_id = $1::UUID
2026-05-28 15:48:25,904 INFO sqlalchemy.engine.Engine [generated in 0.00021s] (UUID('56da4c71-bbca-4b80-be3a-ae350549fe26'),)
2026-05-28 15:48:25,911 INFO sqlalchemy.engine.Engine SELECT composants.id, composants.tracking_id, composants.page_id, composants.parent_id, composants.type, composants.position_x, composants.position_y, composants.largeur, composants.hauteur, composants.styles, composants.config, composants.connecte_a, composants.ordre, composants.created_at 
FROM composants 
WHERE composants.page_id = $1::UUID
2026-05-28 15:48:25,912 INFO sqlalchemy.engine.Engine [cached since 0.008365s ago] (UUID('5c1bdeac-cd4f-465e-96ac-dc62de21abc3'),)
2026-05-28 15:48:25,914 INFO sqlalchemy.engine.Engine SELECT composants.id, composants.tracking_id, composants.page_id, composants.parent_id, composants.type, composants.position_x, composants.position_y, composants.largeur, composants.hauteur, composants.styles, composants.config, composants.connecte_a, composants.ordre, composants.created_at 
FROM composants 
WHERE composants.page_id = $1::UUID
2026-05-28 15:48:25,914 INFO sqlalchemy.engine.Engine [cached since 0.0107s ago] (UUID('55389321-bda7-49f2-b0ee-82ab14a84dd2'),)
2026-05-28 15:48:25,915 INFO sqlalchemy.engine.Engine SELECT composants.id, composants.tracking_id, composants.page_id, composants.parent_id, composants.type, composants.position_x, composants.position_y, composants.largeur, composants.hauteur, composants.styles, composants.config, composants.connecte_a, composants.ordre, composants.created_at 
FROM composants 
WHERE composants.page_id = $1::UUID
2026-05-28 15:48:25,915 INFO sqlalchemy.engine.Engine [cached since 0.01211s ago] (UUID('bb55aadf-f02d-4659-bb51-139e6b6c0628'),)
2026-05-28 15:48:25,917 INFO sqlalchemy.engine.Engine SELECT composants.id, composants.tracking_id, composants.page_id, composants.parent_id, composants.type, composants.position_x, composants.position_y, composants.largeur, composants.hauteur, composants.styles, composants.config, composants.connecte_a, composants.ordre, composants.created_at 
FROM composants 
WHERE composants.page_id = $1::UUID
2026-05-28 15:48:25,917 INFO sqlalchemy.engine.Engine [cached since 0.01339s ago] (UUID('13eafd0e-2ad7-40e3-82dd-effacb8ac150'),)
2026-05-28 15:48:25,918 INFO sqlalchemy.engine.Engine SELECT composants.id, composants.tracking_id, composants.page_id, composants.parent_id, composants.type, composants.position_x, composants.position_y, composants.largeur, composants.hauteur, composants.styles, composants.config, composants.connecte_a, composants.ordre, composants.created_at 
FROM composants 
WHERE composants.page_id = $1::UUID
2026-05-28 15:48:25,918 INFO sqlalchemy.engine.Engine [cached since 0.01478s ago] (UUID('dbe341df-ad35-497f-acd9-fb76038496a9'),)
🛠️ [AI TOOL] Calling generate_interface...
❌ [AI TOOL ERROR] Tool 'generate_interface' failed: name 'time' is not defined
2026-05-28 15:48:46,630 INFO sqlalchemy.engine.Engine INSERT INTO messages (tracking_id, conversation_id, role, content) VALUES ($1::UUID, $2::UUID, $3::messagerole, $4::VARCHAR) RETURNING messages.id, messages.created_at
2026-05-28 15:48:46,630 INFO sqlalchemy.engine.Engine [cached since 20.8s ago] (UUID('0e14af4e-5e7a-4290-99f2-3bdbd9730c49'), UUID('3a056288-7230-4057-a3e0-ecfddf570b32'), 'ASSISTANT', "Parfait ! Je vais créer une interface complète et professionnelle pour votre application de gestion de garage. Laissez-moi générer tous les écrans nécessaires.\n\n---\n\n⚠️ J'ai rencontré une erreur interne en essayant de 'generate_interface'. Je ne peux pas terminer cette action.")
2026-05-28 15:48:46,635 INFO sqlalchemy.engine.Engine SELECT messages.id, messages.tracking_id, messages.conversation_id, messages.role, messages.content, messages.created_at 
FROM messages 
WHERE messages.id = $1::INTEGER
2026-05-28 15:48:46,635 INFO sqlalchemy.engine.Engine [cached since 20.8s ago] (54,)
2026-05-28 15:48:46,637 INFO sqlalchemy.engine.Engine COMMIT
INFO:     127.0.0.1:39234 - "POST /api/ai/projects/f872f05e-aa3b-4f36-a38e-4a016955b6a4/chat HTTP/1.1" 201 Created
WARNING:  WatchFiles detected changes in 'app/modules/ai/service.py'. Reloading...
INFO:     Shutting down
INFO:     Waiting for application shutdown.
INFO:     Application shutdown complete.
INFO:     Finished server process [3255463]
Process SpawnProcess-13:
Traceback (most recent call last):
  File "/usr/lib/python3.12/multiprocessing/process.py", line 314, in _bootstrap
    self.run()
  File "/usr/lib/python3.12/multiprocessing/process.py", line 108, in run
    self._target(*self._args, **self._kwargs)
  File "/home/jude/fastapi-env/lib/python3.12/site-packages/uvicorn/_subprocess.py", line 80, in subprocess_started
    target(sockets=sockets)
  File "/home/jude/fastapi-env/lib/python3.12/site-packages/uvicorn/server.py", line 75, in run
    return asyncio_run(self.serve(sockets=sockets), loop_factory=self.config.get_loop_factory())
           ^^^^^^^^^^^^^^^^^^^^^^^^^^^^^^^^^^^^^^^^^^^^^^^^^^^^^^^^^^^^^^^^^^^^^^^^^^^^^^^^^^^^^
  File "/usr/lib/python3.12/asyncio/runners.py", line 194, in run
    return runner.run(main)
           ^^^^^^^^^^^^^^^^
  File "/usr/lib/python3.12/asyncio/runners.py", line 118, in run
    return self._loop.run_until_complete(task)
           ^^^^^^^^^^^^^^^^^^^^^^^^^^^^^^^^^^^
  File "uvloop/loop.pyx", line 1518, in uvloop.loop.Loop.run_until_complete
  File "/home/jude/fastapi-env/lib/python3.12/site-packages/uvicorn/server.py", line 79, in serve
    await self._serve(sockets)
  File "/home/jude/fastapi-env/lib/python3.12/site-packages/uvicorn/server.py", line 86, in _serve
    config.load()
  File "/home/jude/fastapi-env/lib/python3.12/site-packages/uvicorn/config.py", line 441, in load
    self.loaded_app = import_from_string(self.app)
                      ^^^^^^^^^^^^^^^^^^^^^^^^^^^^
  File "/home/jude/fastapi-env/lib/python3.12/site-packages/uvicorn/importer.py", line 19, in import_from_string
    module = importlib.import_module(module_str)
             ^^^^^^^^^^^^^^^^^^^^^^^^^^^^^^^^^^^
  File "/usr/lib/python3.12/importlib/__init__.py", line 90, in import_module
    return _bootstrap._gcd_import(name[level:], package, level)
           ^^^^^^^^^^^^^^^^^^^^^^^^^^^^^^^^^^^^^^^^^^^^^^^^^^^^
  File "<frozen importlib._bootstrap>", line 1387, in _gcd_import
  File "<frozen importlib._bootstrap>", line 1360, in _find_and_load
  File "<frozen importlib._bootstrap>", line 1331, in _find_and_load_unlocked
  File "<frozen importlib._bootstrap>", line 935, in _load_unlocked
  File "<frozen importlib._bootstrap_external>", line 995, in exec_module
  File "<frozen importlib._bootstrap>", line 488, in _call_with_frames_removed
  File "/home/jude/Documents/code/nocode-builder/app/main.py", line 12, in <module>
    from app.modules.ai.router import router as ai_router
  File "/home/jude/Documents/code/nocode-builder/app/modules/ai/router.py", line 7, in <module>
    from app.modules.ai.service import AIService
  File "/home/jude/Documents/code/nocode-builder/app/modules/ai/service.py", line 273
    ai_content = (ai_content or "") + "
                                      ^
SyntaxError: unterminated string literal (detected at line 273)
WARNING:  WatchFiles detected changes in 'app/modules/ai/service.py'. Reloading...
Process SpawnProcess-14:
Traceback (most recent call last):
  File "/usr/lib/python3.12/multiprocessing/process.py", line 314, in _bootstrap
    self.run()
  File "/usr/lib/python3.12/multiprocessing/process.py", line 108, in run
    self._target(*self._args, **self._kwargs)
  File "/home/jude/fastapi-env/lib/python3.12/site-packages/uvicorn/_subprocess.py", line 80, in subprocess_started
    target(sockets=sockets)
  File "/home/jude/fastapi-env/lib/python3.12/site-packages/uvicorn/server.py", line 75, in run
    return asyncio_run(self.serve(sockets=sockets), loop_factory=self.config.get_loop_factory())
           ^^^^^^^^^^^^^^^^^^^^^^^^^^^^^^^^^^^^^^^^^^^^^^^^^^^^^^^^^^^^^^^^^^^^^^^^^^^^^^^^^^^^^
  File "/usr/lib/python3.12/asyncio/runners.py", line 194, in run
    return runner.run(main)
           ^^^^^^^^^^^^^^^^
  File "/usr/lib/python3.12/asyncio/runners.py", line 118, in run
    return self._loop.run_until_complete(task)
           ^^^^^^^^^^^^^^^^^^^^^^^^^^^^^^^^^^^
  File "uvloop/loop.pyx", line 1518, in uvloop.loop.Loop.run_until_complete
  File "/home/jude/fastapi-env/lib/python3.12/site-packages/uvicorn/server.py", line 79, in serve
    await self._serve(sockets)
  File "/home/jude/fastapi-env/lib/python3.12/site-packages/uvicorn/server.py", line 86, in _serve
    config.load()
  File "/home/jude/fastapi-env/lib/python3.12/site-packages/uvicorn/config.py", line 441, in load
    self.loaded_app = import_from_string(self.app)
                      ^^^^^^^^^^^^^^^^^^^^^^^^^^^^
  File "/home/jude/fastapi-env/lib/python3.12/site-packages/uvicorn/importer.py", line 19, in import_from_string
    module = importlib.import_module(module_str)
             ^^^^^^^^^^^^^^^^^^^^^^^^^^^^^^^^^^^
  File "/usr/lib/python3.12/importlib/__init__.py", line 90, in import_module
    return _bootstrap._gcd_import(name[level:], package, level)
           ^^^^^^^^^^^^^^^^^^^^^^^^^^^^^^^^^^^^^^^^^^^^^^^^^^^^
  File "<frozen importlib._bootstrap>", line 1387, in _gcd_import
  File "<frozen importlib._bootstrap>", line 1360, in _find_and_load
  File "<frozen importlib._bootstrap>", line 1331, in _find_and_load_unlocked
  File "<frozen importlib._bootstrap>", line 935, in _load_unlocked
  File "<frozen importlib._bootstrap_external>", line 995, in exec_module
  File "<frozen importlib._bootstrap>", line 488, in _call_with_frames_removed
  File "/home/jude/Documents/code/nocode-builder/app/main.py", line 12, in <module>
    from app.modules.ai.router import router as ai_router
  File "/home/jude/Documents/code/nocode-builder/app/modules/ai/router.py", line 7, in <module>
    from app.modules.ai.service import AIService
  File "/home/jude/Documents/code/nocode-builder/app/modules/ai/service.py", line 273
    ai_content = (ai_content or "") + "
                                      ^
SyntaxError: unterminated string literal (detected at line 273)
WARNING:  WatchFiles detected changes in 'app/modules/ai/service.py'. Reloading...
Process SpawnProcess-15:
Traceback (most recent call last):
  File "/usr/lib/python3.12/multiprocessing/process.py", line 314, in _bootstrap
    self.run()
  File "/usr/lib/python3.12/multiprocessing/process.py", line 108, in run
    self._target(*self._args, **self._kwargs)
  File "/home/jude/fastapi-env/lib/python3.12/site-packages/uvicorn/_subprocess.py", line 80, in subprocess_started
    target(sockets=sockets)
  File "/home/jude/fastapi-env/lib/python3.12/site-packages/uvicorn/server.py", line 75, in run
    return asyncio_run(self.serve(sockets=sockets), loop_factory=self.config.get_loop_factory())
           ^^^^^^^^^^^^^^^^^^^^^^^^^^^^^^^^^^^^^^^^^^^^^^^^^^^^^^^^^^^^^^^^^^^^^^^^^^^^^^^^^^^^^
  File "/usr/lib/python3.12/asyncio/runners.py", line 194, in run
    return runner.run(main)
           ^^^^^^^^^^^^^^^^
  File "/usr/lib/python3.12/asyncio/runners.py", line 118, in run
    return self._loop.run_until_complete(task)
           ^^^^^^^^^^^^^^^^^^^^^^^^^^^^^^^^^^^
  File "uvloop/loop.pyx", line 1518, in uvloop.loop.Loop.run_until_complete
  File "/home/jude/fastapi-env/lib/python3.12/site-packages/uvicorn/server.py", line 79, in serve
    await self._serve(sockets)
  File "/home/jude/fastapi-env/lib/python3.12/site-packages/uvicorn/server.py", line 86, in _serve
    config.load()
  File "/home/jude/fastapi-env/lib/python3.12/site-packages/uvicorn/config.py", line 441, in load
    self.loaded_app = import_from_string(self.app)
                      ^^^^^^^^^^^^^^^^^^^^^^^^^^^^
  File "/home/jude/fastapi-env/lib/python3.12/site-packages/uvicorn/importer.py", line 19, in import_from_string
    module = importlib.import_module(module_str)
             ^^^^^^^^^^^^^^^^^^^^^^^^^^^^^^^^^^^
  File "/usr/lib/python3.12/importlib/__init__.py", line 90, in import_module
    return _bootstrap._gcd_import(name[level:], package, level)
           ^^^^^^^^^^^^^^^^^^^^^^^^^^^^^^^^^^^^^^^^^^^^^^^^^^^^
  File "<frozen importlib._bootstrap>", line 1387, in _gcd_import
  File "<frozen importlib._bootstrap>", line 1360, in _find_and_load
  File "<frozen importlib._bootstrap>", line 1331, in _find_and_load_unlocked
  File "<frozen importlib._bootstrap>", line 935, in _load_unlocked
  File "<frozen importlib._bootstrap_external>", line 995, in exec_module
  File "<frozen importlib._bootstrap>", line 488, in _call_with_frames_removed
  File "/home/jude/Documents/code/nocode-builder/app/main.py", line 12, in <module>
    from app.modules.ai.router import router as ai_router
  File "/home/jude/Documents/code/nocode-builder/app/modules/ai/router.py", line 7, in <module>
    from app.modules.ai.service import AIService
  File "/home/jude/Documents/code/nocode-builder/app/modules/ai/service.py", line 273
    ai_content = (ai_content or "") + "
                                      ^
SyntaxError: unterminated string literal (detected at line 273)
WARNING:  WatchFiles detected changes in 'app/modules/ai/service.py'. Reloading...
Process SpawnProcess-16:
Traceback (most recent call last):
  File "/usr/lib/python3.12/multiprocessing/process.py", line 314, in _bootstrap
    self.run()
  File "/usr/lib/python3.12/multiprocessing/process.py", line 108, in run
    self._target(*self._args, **self._kwargs)
  File "/home/jude/fastapi-env/lib/python3.12/site-packages/uvicorn/_subprocess.py", line 80, in subprocess_started
    target(sockets=sockets)
  File "/home/jude/fastapi-env/lib/python3.12/site-packages/uvicorn/server.py", line 75, in run
    return asyncio_run(self.serve(sockets=sockets), loop_factory=self.config.get_loop_factory())
           ^^^^^^^^^^^^^^^^^^^^^^^^^^^^^^^^^^^^^^^^^^^^^^^^^^^^^^^^^^^^^^^^^^^^^^^^^^^^^^^^^^^^^
  File "/usr/lib/python3.12/asyncio/runners.py", line 194, in run
    return runner.run(main)
           ^^^^^^^^^^^^^^^^
  File "/usr/lib/python3.12/asyncio/runners.py", line 118, in run
    return self._loop.run_until_complete(task)
           ^^^^^^^^^^^^^^^^^^^^^^^^^^^^^^^^^^^
  File "uvloop/loop.pyx", line 1518, in uvloop.loop.Loop.run_until_complete
  File "/home/jude/fastapi-env/lib/python3.12/site-packages/uvicorn/server.py", line 79, in serve
    await self._serve(sockets)
  File "/home/jude/fastapi-env/lib/python3.12/site-packages/uvicorn/server.py", line 86, in _serve
    config.load()
  File "/home/jude/fastapi-env/lib/python3.12/site-packages/uvicorn/config.py", line 441, in load
    self.loaded_app = import_from_string(self.app)
                      ^^^^^^^^^^^^^^^^^^^^^^^^^^^^
  File "/home/jude/fastapi-env/lib/python3.12/site-packages/uvicorn/importer.py", line 19, in import_from_string
    module = importlib.import_module(module_str)
             ^^^^^^^^^^^^^^^^^^^^^^^^^^^^^^^^^^^
  File "/usr/lib/python3.12/importlib/__init__.py", line 90, in import_module
    return _bootstrap._gcd_import(name[level:], package, level)
           ^^^^^^^^^^^^^^^^^^^^^^^^^^^^^^^^^^^^^^^^^^^^^^^^^^^^
  File "<frozen importlib._bootstrap>", line 1387, in _gcd_import
  File "<frozen importlib._bootstrap>", line 1360, in _find_and_load
  File "<frozen importlib._bootstrap>", line 1331, in _find_and_load_unlocked
  File "<frozen importlib._bootstrap>", line 935, in _load_unlocked
  File "<frozen importlib._bootstrap_external>", line 995, in exec_module
  File "<frozen importlib._bootstrap>", line 488, in _call_with_frames_removed
  File "/home/jude/Documents/code/nocode-builder/app/main.py", line 12, in <module>
    from app.modules.ai.router import router as ai_router
  File "/home/jude/Documents/code/nocode-builder/app/modules/ai/router.py", line 7, in <module>
    from app.modules.ai.service import AIService
  File "/home/jude/Documents/code/nocode-builder/app/modules/ai/service.py", line 161
    ai_content = (ai_content or "") + "
                                      ^
SyntaxError: unterminated string literal (detected at line 161)
WARNING:  WatchFiles detected changes in 'app/modules/ai/service.py'. Reloading...
Process SpawnProcess-17:
Traceback (most recent call last):
  File "/usr/lib/python3.12/multiprocessing/process.py", line 314, in _bootstrap
    self.run()
  File "/usr/lib/python3.12/multiprocessing/process.py", line 108, in run
    self._target(*self._args, **self._kwargs)
  File "/home/jude/fastapi-env/lib/python3.12/site-packages/uvicorn/_subprocess.py", line 80, in subprocess_started
    target(sockets=sockets)
  File "/home/jude/fastapi-env/lib/python3.12/site-packages/uvicorn/server.py", line 75, in run
    return asyncio_run(self.serve(sockets=sockets), loop_factory=self.config.get_loop_factory())
           ^^^^^^^^^^^^^^^^^^^^^^^^^^^^^^^^^^^^^^^^^^^^^^^^^^^^^^^^^^^^^^^^^^^^^^^^^^^^^^^^^^^^^
  File "/usr/lib/python3.12/asyncio/runners.py", line 194, in run
    return runner.run(main)
           ^^^^^^^^^^^^^^^^
  File "/usr/lib/python3.12/asyncio/runners.py", line 118, in run
    return self._loop.run_until_complete(task)
           ^^^^^^^^^^^^^^^^^^^^^^^^^^^^^^^^^^^
  File "uvloop/loop.pyx", line 1518, in uvloop.loop.Loop.run_until_complete
  File "/home/jude/fastapi-env/lib/python3.12/site-packages/uvicorn/server.py", line 79, in serve
    await self._serve(sockets)
  File "/home/jude/fastapi-env/lib/python3.12/site-packages/uvicorn/server.py", line 86, in _serve
    config.load()
  File "/home/jude/fastapi-env/lib/python3.12/site-packages/uvicorn/config.py", line 441, in load
    self.loaded_app = import_from_string(self.app)
                      ^^^^^^^^^^^^^^^^^^^^^^^^^^^^
  File "/home/jude/fastapi-env/lib/python3.12/site-packages/uvicorn/importer.py", line 19, in import_from_string
    module = importlib.import_module(module_str)
             ^^^^^^^^^^^^^^^^^^^^^^^^^^^^^^^^^^^
  File "/usr/lib/python3.12/importlib/__init__.py", line 90, in import_module
    return _bootstrap._gcd_import(name[level:], package, level)
           ^^^^^^^^^^^^^^^^^^^^^^^^^^^^^^^^^^^^^^^^^^^^^^^^^^^^
  File "<frozen importlib._bootstrap>", line 1387, in _gcd_import
  File "<frozen importlib._bootstrap>", line 1360, in _find_and_load
  File "<frozen importlib._bootstrap>", line 1331, in _find_and_load_unlocked
  File "<frozen importlib._bootstrap>", line 935, in _load_unlocked
  File "<frozen importlib._bootstrap_external>", line 995, in exec_module
  File "<frozen importlib._bootstrap>", line 488, in _call_with_frames_removed
  File "/home/jude/Documents/code/nocode-builder/app/main.py", line 12, in <module>
    from app.modules.ai.router import router as ai_router
  File "/home/jude/Documents/code/nocode-builder/app/modules/ai/router.py", line 7, in <module>
    from app.modules.ai.service import AIService
  File "/home/jude/Documents/code/nocode-builder/app/modules/ai/service.py", line 161
    ai_content = (ai_content or "") + "
                                      ^
SyntaxError: unterminated string literal (detected at line 161)
WARNING:  WatchFiles detected changes in 'app/modules/ai/service.py'. Reloading...
Process SpawnProcess-18:
Traceback (most recent call last):
  File "/usr/lib/python3.12/multiprocessing/process.py", line 314, in _bootstrap
    self.run()
  File "/usr/lib/python3.12/multiprocessing/process.py", line 108, in run
    self._target(*self._args, **self._kwargs)
  File "/home/jude/fastapi-env/lib/python3.12/site-packages/uvicorn/_subprocess.py", line 80, in subprocess_started
    target(sockets=sockets)
  File "/home/jude/fastapi-env/lib/python3.12/site-packages/uvicorn/server.py", line 75, in run
    return asyncio_run(self.serve(sockets=sockets), loop_factory=self.config.get_loop_factory())
           ^^^^^^^^^^^^^^^^^^^^^^^^^^^^^^^^^^^^^^^^^^^^^^^^^^^^^^^^^^^^^^^^^^^^^^^^^^^^^^^^^^^^^
  File "/usr/lib/python3.12/asyncio/runners.py", line 194, in run
    return runner.run(main)
           ^^^^^^^^^^^^^^^^
  File "/usr/lib/python3.12/asyncio/runners.py", line 118, in run
    return self._loop.run_until_complete(task)
           ^^^^^^^^^^^^^^^^^^^^^^^^^^^^^^^^^^^
  File "uvloop/loop.pyx", line 1518, in uvloop.loop.Loop.run_until_complete
  File "/home/jude/fastapi-env/lib/python3.12/site-packages/uvicorn/server.py", line 79, in serve
    await self._serve(sockets)
  File "/home/jude/fastapi-env/lib/python3.12/site-packages/uvicorn/server.py", line 86, in _serve
    config.load()
  File "/home/jude/fastapi-env/lib/python3.12/site-packages/uvicorn/config.py", line 441, in load
    self.loaded_app = import_from_string(self.app)
                      ^^^^^^^^^^^^^^^^^^^^^^^^^^^^
  File "/home/jude/fastapi-env/lib/python3.12/site-packages/uvicorn/importer.py", line 19, in import_from_string
    module = importlib.import_module(module_str)
             ^^^^^^^^^^^^^^^^^^^^^^^^^^^^^^^^^^^
  File "/usr/lib/python3.12/importlib/__init__.py", line 90, in import_module
    return _bootstrap._gcd_import(name[level:], package, level)
           ^^^^^^^^^^^^^^^^^^^^^^^^^^^^^^^^^^^^^^^^^^^^^^^^^^^^
  File "<frozen importlib._bootstrap>", line 1387, in _gcd_import
  File "<frozen importlib._bootstrap>", line 1360, in _find_and_load
  File "<frozen importlib._bootstrap>", line 1331, in _find_and_load_unlocked
  File "<frozen importlib._bootstrap>", line 935, in _load_unlocked
  File "<frozen importlib._bootstrap_external>", line 995, in exec_module
  File "<frozen importlib._bootstrap>", line 488, in _call_with_frames_removed
  File "/home/jude/Documents/code/nocode-builder/app/main.py", line 12, in <module>
    from app.modules.ai.router import router as ai_router
  File "/home/jude/Documents/code/nocode-builder/app/modules/ai/router.py", line 7, in <module>
    from app.modules.ai.service import AIService
  File "/home/jude/Documents/code/nocode-builder/app/modules/ai/service.py", line 126
    ai_content = (ai_content or "") + "
                                      ^
SyntaxError: unterminated string literal (detected at line 126)
INFO:     Stopping reloader process [3234068]
